time,speed,acceleration,ext_temp,Power_data,Power_phys
2024-04-15 17:44:27,0.0,0.0,16,304.72,1951.0
2024-04-15 17:44:29,1.3889,0.69445,16,3570.0280000000007,4743.734859062744
2024-04-15 17:44:31,1.6666800000000002,0.13889,16,761.7,2868.940204768918
2024-04-15 17:44:33,1.9444600000000003,0.13889,16,3189.847,3024.624376883611
2024-04-15 17:44:35,1.6666800000000002,-0.13889,16,1066.24,1893.1974732715248
2024-04-15 17:44:37,1.11112,-0.27778,16,2969.07,1587.06167074497
2024-04-15 17:44:39,4.1667000000000005,1.5277900000000002,16,9500.0,19531.18921794988
2024-04-15 17:44:41,5.5556,0.6944499999999998,16,7374.909999999999,13275.237544771451
2024-04-15 17:44:43,5.833380000000001,0.1388900000000004,16,3728.41,5331.374864729756
2024-04-15 17:44:45,3.0555800000000004,-1.3889000000000002,16,-6254.959999999999,-6237.1519129882645
2024-04-15 17:44:47,1.9444600000000003,-0.55556,16,1294.72,176.81521834612136
2024-04-15 17:44:49,1.9444600000000003,0.0,16,1294.55,2314.2629855175724
2024-04-15 17:44:51,2.22224,0.1388899999999999,16,4717.58,3181.246458495208
2024-04-15 17:44:53,3.3333600000000003,0.55556,16,4261.04,7471.662203905893
2024-04-15 17:44:55,3.61114,0.1388899999999999,16,989.82,3980.632553704103
2024-04-15 17:44:57,3.0555800000000004,-0.2777799999999999,16,228.48,981.4236118453248
2024-04-15 17:44:59,2.50002,-0.2777800000000001,16,456.96,1149.45821766108
2024-04-15 17:45:01,0.0,-1.25001,16,380.8,1951.0
2024-04-15 17:45:03,0.0,0.0,16,380.8,1951.0
2024-04-15 17:45:05,0.0,0.0,16,380.85,1951.0
2024-04-15 17:45:07,0.0,0.0,16,380.85,1951.0
2024-04-15 17:45:09,0.0,0.0,16,380.85,1951.0
2024-04-15 17:45:11,0.0,0.0,16,380.85,1951.0
2024-04-15 17:45:13,0.0,0.0,16,380.85,1951.0
2024-04-15 17:45:15,0.0,0.0,16,380.85,1951.0
2024-04-15 17:45:17,0.0,0.0,16,380.85,1951.0
2024-04-15 17:45:19,0.0,0.0,16,380.85,1951.0
2024-04-15 17:45:21,1.6666800000000002,0.8333400000000001,16,1903.5,5913.346167766227
2024-04-15 17:45:23,4.72226,1.52779,16,3424.05,21895.08954996584
2024-04-15 17:45:25,5.5556,0.4166699999999999,16,-5032.5,9216.029594108377
2024-04-15 17:45:27,5.833380000000001,0.1388900000000004,16,-6637.23,5331.374864729756
2024-04-15 17:45:29,6.388940000000001,0.2777799999999999,16,-5875.1,8020.051119477371
2024-04-15 17:45:31,10.00008,1.80557,16,44410.6,52042.919051416335
2024-04-15 17:45:33,13.05566,1.5277900000000004,16,29969.53,58388.973225615424
2024-04-15 17:45:35,13.33344,0.1388899999999999,16,-2207.77,10939.12617114982
2024-04-15 17:45:37,12.77788,-0.2777799999999999,16,-18113.91,-739.430687171608
2024-04-15 17:45:39,10.83342,-0.9722300000000006,16,-33062.01,-16623.3943165052
2024-04-15 17:45:41,9.44452,-0.6944499999999998,16,-5875.87,-8831.921029481386
2024-04-15 17:45:43,9.16674,-0.1388899999999999,16,-6027.7,2219.4799403215006
2024-04-15 17:45:45,9.16674,0.0,16,-4653.079999999999,4237.218404260124
2024-04-15 17:45:47,9.7223,0.2777799999999999,16,6011.11,11546.794875071178
2024-04-15 17:45:49,10.55564,0.4166699999999999,16,7909.2,16341.301691987232
2024-04-15 17:45:51,11.666760000000002,0.5555600000000007,16,5400.97,22301.195546794694
2024-04-15 17:45:53,11.666760000000002,0.0,16,-5567.71,5252.522154009744
2024-04-15 17:45:55,11.1112,-0.2777800000000008,16,-609.6800000000001,-665.005976797931
2024-04-15 17:45:57,11.388980000000002,0.1388900000000008,16,3805.5,9288.659737844791
2024-04-15 17:45:59,11.666760000000002,0.1388899999999999,16,3424.9500000000003,9514.690502205976
2024-04-15 17:46:01,11.944540000000002,0.1388899999999999,16,12150.4,9743.866220761432
2024-04-15 17:46:03,11.666760000000002,-0.1388899999999999,16,5096.02,2684.4913817242223
2024-04-15 17:46:05,11.388980000000002,-0.1388899999999999,16,10863.71,2621.084405945911
2024-04-15 17:46:07,11.666760000000002,0.1388899999999999,16,16084.44,9514.690502205976
2024-04-15 17:46:09,11.388980000000002,-0.1388899999999999,16,6915.089999999999,2621.084405945911
2024-04-15 17:46:11,10.83342,-0.2777800000000008,16,16760.64,-641.6680868790195
2024-04-15 17:46:13,10.83342,0.0,16,17737.2,4888.053086128895
2024-04-15 17:46:15,10.83342,0.0,16,13427.22,4888.053086128895
2024-04-15 17:46:17,10.55564,-0.1388899999999999,16,15770.56,2449.102619577232
2024-04-15 17:46:19,11.1112,0.2777799999999999,16,16823.16,13124.918819920951
2024-04-15 17:46:21,11.1112,0.0,16,28569.239999999994,5006.5029185948015
2024-04-15 17:46:23,11.944540000000002,0.4166700000000007,16,18773.6,18471.163314687077
2024-04-15 17:46:25,11.388980000000002,-0.2777799999999999,16,7892.56,-685.3250293624205
2024-04-15 17:46:27,10.55564,-0.4166700000000007,16,8804.4,-3717.9301777896817
2024-04-15 17:46:29,10.55564,0.0,16,13192.68,4772.5590325974645
2024-04-15 17:46:31,10.55564,0.0,16,13484.82,4772.5590325974645
2024-04-15 17:46:33,10.83342,0.1388899999999999,16,13342.56,8845.780838025394
2024-04-15 17:46:35,11.1112,0.1388899999999999,16,7505.521000000001,9065.710869257877
2024-04-15 17:46:37,10.83342,-0.1388899999999999,16,-1825.44,2503.45308329234
2024-04-15 17:46:39,11.388980000000002,0.2777800000000008,16,9787.23,13449.347887274444
2024-04-15 17:46:41,12.222320000000002,0.4166699999999999,16,14239.061999999998,18906.507443389837
2024-04-15 17:46:43,13.33344,0.5555599999999998,16,15983.250000000002,25552.274793536897
2024-04-15 17:46:45,14.44456,0.5555599999999998,16,8041.16,27789.286273375277
2024-04-15 17:46:47,14.72234,0.1388899999999999,16,6072.0,12222.468739383055
2024-04-15 17:46:49,16.111240000000002,0.6944500000000007,16,19018.27,37145.182341797554
2024-04-15 17:46:51,20.55572,2.2222399999999998,16,124711.25,131395.27814633487
2024-04-15 17:46:53,22.500180000000004,0.9722300000000016,16,39622.1,70725.34837321474
2024-04-15 17:46:55,20.8335,-0.8333400000000015,16,-37598.64000000001,-23705.128149338445
2024-04-15 17:46:57,17.500140000000002,-1.6666799999999995,16,-54878.04000000001,-51937.05664111008
2024-04-15 17:46:59,15.00012,-1.2500100000000005,16,-43753.2,-31646.081461094294
2024-04-15 17:47:01,18.61126,1.8055700000000003,16,107296.8,97941.60142449792
2024-04-15 17:47:03,20.27794,0.8333399999999997,16,43321.16,55434.58379037552
2024-04-15 17:47:05,20.55572,0.1388899999999999,16,31011.240000000005,18752.25751543452
2024-04-15 17:47:07,19.72238,-0.4166699999999999,16,-3180.2100000000005,-5375.247972183955
2024-04-15 17:47:09,17.77792,-0.9722299999999996,16,-44203.97,-26400.85229337451
2024-04-15 17:47:11,14.16678,-1.8055700000000003,16,-45418.240000000005,-46748.82623719306
2024-04-15 17:47:13,12.500100000000002,-0.8333399999999997,16,-1590.072,-15480.392103823764
2024-04-15 17:47:15,11.944540000000002,-0.2777799999999999,16,-31369.1,-716.6543887485395
2024-04-15 17:47:17,11.1112,-0.4166700000000007,16,-3045.2,-3930.854144970616
2024-04-15 17:47:19,11.388980000000002,0.1388900000000008,16,-13183.625,9288.659737844791
2024-04-15 17:47:21,10.83342,-0.2777800000000008,16,-6702.960000000001,-641.6680868790195
2024-04-15 17:47:23,11.1112,0.1388899999999999,16,6076.0,9065.710869257877
2024-04-15 17:47:25,12.222320000000002,0.5555600000000007,16,836.2200000000001,23371.636189119246
2024-04-15 17:47:27,11.944540000000002,-0.1388899999999999,16,-4338.84,2751.043311696784
2024-04-15 17:47:29,11.944540000000002,0.0,16,-3805.0,5380.2176737986265
2024-04-15 17:47:31,11.944540000000002,0.0,16,-2359.1,5380.2176737986265
2024-04-15 17:47:33,11.666760000000002,-0.1388899999999999,16,-12504.999999999998,2684.4913817242223
2024-04-15 17:47:35,10.83342,-0.4166700000000007,16,-11442.0,-3825.870050847386
2024-04-15 17:47:37,10.27786,-0.2777799999999999,16,-3808.0,-586.1880286576702
2024-04-15 17:47:39,11.944540000000002,0.8333400000000006,16,23924.36,31562.1089555755
2024-04-15 17:47:41,17.222360000000002,2.63891,16,139616.88,128031.51569222154
2024-04-15 17:47:43,21.38906,2.08335,16,20411.72,129252.97978585372
2024-04-15 17:47:45,22.2224,0.4166699999999999,16,26246.16,37247.39330820983
2024-04-15 17:47:47,21.66684,-0.2777799999999999,16,-27486.0,1261.4035855814582
2024-04-15 17:47:49,20.8335,-0.4166699999999999,16,-1139.25,-5253.192787752483
2024-04-15 17:47:51,20.55572,-0.1388899999999999,16,-4636.61,6718.0971603000025
2024-04-15 17:47:53,18.33348,-1.1111199999999997,16,-56796.48,-32494.73176345336
2024-04-15 17:47:55,15.2779,-1.5277900000000004,16,-69411.79000000001,-41229.55565275649
2024-04-15 17:47:57,11.1112,-2.0833500000000003,16,-52688.52,-43349.443251915865
2024-04-15 17:47:59,7.777840000000001,-1.6666799999999995,16,15791.36,-23179.7909839981
2024-04-15 17:48:01,10.55564,1.3888999999999996,16,54007.96,43335.03456389668
2024-04-15 17:48:03,14.72234,2.0833500000000003,16,79032.59999999999,87520.77622418315
2024-04-15 17:48:05,18.61126,1.9444600000000003,16,69041.28000000001,104740.77474185858
2024-04-15 17:48:07,16.666800000000002,-0.9722299999999996,16,-33323.48,-25001.2113547546
2024-04-15 17:48:09,14.72234,-0.9722300000000006,16,-16629.04,-22389.487239850827
2024-04-15 17:48:11,18.61126,1.9444600000000003,16,106909.88,104740.77474185858
2024-04-15 17:48:13,22.2224,1.8055699999999997,16,105848.6,118431.55232147132
2024-04-15 17:48:15,23.055740000000004,0.4166700000000016,16,-8424.9,39059.38105824539
2024-04-15 17:48:17,22.777960000000004,-0.1388899999999999,16,43534.8,8471.835608532569
2024-04-15 17:48:19,22.500180000000004,-0.1388899999999999,16,7857.2,8233.444897443449
2024-04-15 17:48:21,20.00016,-1.2500100000000014,16,-11337.41,-40807.178296918806
2024-04-15 17:48:23,18.33348,-0.8333399999999997,16,-32470.0,-21654.085920697187
2024-04-15 17:48:25,14.44456,-1.9444600000000003,16,-56060.100000000006,-51907.858246124975
2024-04-15 17:48:27,14.16678,-0.1388899999999999,16,28218.3,3404.2441128611454
2024-04-15 17:48:29,12.500100000000002,-0.8333399999999997,16,-22911.0,-15480.392103823764
2024-04-15 17:48:31,13.61122,0.5555599999999998,16,24412.34,26106.085060375983
2024-04-15 17:48:33,14.72234,0.5555599999999998,16,13779.22,28357.820343268784
2024-04-15 17:48:35,15.555680000000002,0.4166700000000007,16,15894.9,24403.81523658124
2024-04-15 17:48:37,16.666800000000002,0.5555599999999998,16,28723.669,32448.570814814742
2024-04-15 17:48:39,16.944580000000002,0.1388899999999999,16,-7220.95,14478.702920689875
2024-04-15 17:48:41,16.666800000000002,-0.1388899999999999,16,-1587.9819999999995,4424.707721856971
2024-04-15 17:48:43,17.500140000000002,0.4166699999999999,16,39527.25,27871.435983934876
2024-04-15 17:48:45,21.11128,1.8055699999999997,16,115497.0,112033.64286958716
2024-04-15 17:48:47,23.889080000000003,1.3889000000000014,16,109888.8,102014.0216104604
2024-04-15 17:48:49,26.666880000000003,1.3888999999999996,16,116682.02,115723.83813720407
2024-04-15 17:48:51,28.61134,0.9722299999999996,16,96348.15,94349.30778884108
2024-04-15 17:48:53,28.88912,0.1388899999999999,16,39686.94,32174.806347577804
2024-04-15 17:48:55,27.50022,-0.6944499999999998,16,-15385.907,-18854.027672382552
2024-04-15 17:48:57,25.833540000000003,-0.8333399999999997,16,-22268.0,-26491.353679921696
2024-04-15 17:48:59,23.889080000000003,-0.9722299999999996,16,-31999.8,-32694.44872947613
2024-04-15 17:49:01,21.11128,-1.3889000000000014,16,-54428.6,-48878.45494825089
2024-04-15 17:49:03,17.77792,-1.6666799999999995,16,-46355.100000000006,-52691.11146217856
2024-04-15 17:49:05,14.72234,-1.5277900000000004,16,-37270.11,-39805.98362377924
2024-04-15 17:49:07,11.388980000000002,-1.6666799999999995,16,-27427.6,-34328.824243087096
2024-04-15 17:49:09,6.666720000000001,-2.3611300000000006,16,-31828.160000000003,-29527.76234888501
2024-04-15 17:49:11,2.7778,-1.9444600000000003,16,-3117.23,-8784.411399171617
2024-04-15 17:49:13,1.11112,-0.83334,16,683.64,276.37363464312057
2024-04-15 17:49:15,0.8333400000000001,-0.13889,16,1366.92,1919.013195458328
2024-04-15 17:49:17,0.0,-0.41667,16,531.65,1951.0
2024-04-15 17:49:19,0.0,0.0,16,607.6,1951.0
2024-04-15 17:49:21,0.0,0.0,16,455.7,1951.0
2024-04-15 17:49:23,0.0,0.0,16,379.75,1951.0
2024-04-15 17:49:25,0.0,0.0,16,455.7,1951.0
2024-04-15 17:49:27,0.0,0.0,16,531.65,1951.0
2024-04-15 17:49:29,0.0,0.0,16,607.6,1951.0
2024-04-15 17:49:31,0.0,0.0,16,607.6,1951.0
2024-04-15 17:49:33,0.0,0.0,16,607.6,1951.0
2024-04-15 17:49:35,0.0,0.0,16,607.6,1951.0
2024-04-15 17:49:37,0.0,0.0,16,607.6,1951.0
2024-04-15 17:49:39,0.0,0.0,16,607.6800000000001,1951.0
2024-04-15 17:49:41,0.0,0.0,16,607.6800000000001,1951.0
2024-04-15 17:49:43,0.0,0.0,16,607.6800000000001,1951.0
2024-04-15 17:49:45,0.0,0.0,16,607.6800000000001,1951.0
2024-04-15 17:49:47,0.0,0.0,16,607.6800000000001,1951.0
2024-04-15 17:49:49,0.0,0.0,16,607.6800000000001,1951.0
2024-04-15 17:49:51,0.0,0.0,16,607.6800000000001,1951.0
2024-04-15 17:49:53,0.0,0.0,16,607.6800000000001,1951.0
2024-04-15 17:49:55,0.0,0.0,16,607.6800000000001,1951.0
2024-04-15 17:49:57,0.0,0.0,16,607.6800000000001,1951.0
2024-04-15 17:49:59,0.0,0.0,16,607.7600000000001,1951.0
2024-04-15 17:50:01,0.0,0.0,16,607.7600000000001,1951.0
2024-04-15 17:50:03,0.0,0.0,16,607.7600000000001,1951.0
2024-04-15 17:50:05,0.0,0.0,16,607.7600000000001,1951.0
2024-04-15 17:50:07,0.0,0.0,16,607.7600000000001,1951.0
2024-04-15 17:50:09,0.0,0.0,16,607.7600000000001,1951.0
2024-04-15 17:50:11,0.0,0.0,16,607.7600000000001,1951.0
2024-04-15 17:50:13,0.0,0.0,16,607.7600000000001,1951.0
2024-04-15 17:50:15,0.0,0.0,16,607.7600000000001,1951.0
2024-04-15 17:50:17,0.0,0.0,16,607.7600000000001,1951.0
2024-04-15 17:50:19,0.0,0.0,16,607.7600000000001,1951.0
2024-04-15 17:50:21,0.0,0.0,16,531.79,1951.0
2024-04-15 17:50:23,0.0,0.0,16,607.7600000000001,1951.0
2024-04-15 17:50:25,0.0,0.0,16,835.6700000000001,1951.0
2024-04-15 17:50:27,1.11112,0.55556,16,3181.467,3777.895740549472
2024-04-15 17:50:29,3.61114,1.25001,16,16048.4,14534.573225428105
2024-04-15 17:50:31,5.833380000000001,1.1111200000000003,16,21615.88,20248.96408341657
2024-04-15 17:50:33,7.777840000000001,0.97223,16,26425.0,23656.43244454517
2024-04-15 17:50:35,10.55564,1.3888999999999996,16,40317.920000000006,43335.03456389668
2024-04-15 17:50:37,15.00012,2.22224,16,79065.72,94689.3618107176
2024-04-15 17:50:39,19.16682,2.0833500000000003,16,89892.52999999998,115042.76521756974
2024-04-15 17:50:41,22.2224,1.5277899999999995,16,77972.17,102194.72051881904
2024-04-15 17:50:43,24.444640000000003,1.1111200000000014,16,65113.00000000001,86846.09586608675
2024-04-15 17:50:45,25.833540000000003,0.6944499999999998,16,59738.58,64356.69376769261
2024-04-15 17:50:47,27.22244,0.6944499999999998,16,53495.078,68817.08748393442
2024-04-15 17:50:49,28.33356,0.5555599999999998,16,47622.12,62154.2158949975
2024-04-15 17:50:51,28.88912,0.2777799999999999,16,35231.200000000004,42728.7470193018
2024-04-15 17:50:53,29.1669,0.1388899999999999,16,35146.86,32722.12232028858
2024-04-15 17:50:55,29.1669,0.0,16,35366.96,22066.701449798005
2024-04-15 17:50:57,29.1669,0.0,16,35751.15,22066.701449798005
2024-04-15 17:50:59,29.1669,0.0,16,35128.1,22066.701449798005
2024-04-15 17:51:01,28.88912,-0.1388899999999999,16,37215.36,15261.932334956326
2024-04-15 17:51:03,28.61134,-0.1388899999999999,16,35712.990000000005,14884.294727057992
2024-04-15 17:51:05,28.33356,-0.1388899999999999,16,31033.44,14513.648636969285
2024-04-15 17:51:07,27.778,-0.2777799999999999,16,28132.5,5728.665519691445
2024-04-15 17:51:09,27.778,0.0,16,38826.39,19907.437758173222
2024-04-15 17:51:11,27.22244,-0.2777799999999999,16,18111.15,5196.593294599588
2024-04-15 17:51:13,26.666880000000003,-0.2777799999999999,16,30000.0,4691.225972347733
2024-04-15 17:51:15,26.111320000000003,-0.2777799999999999,16,21406.35,4212.059085576495
2024-04-15 17:51:17,24.444640000000003,-0.8333399999999997,16,-23690.16,-25908.420429688154
2024-04-15 17:51:19,22.777960000000004,-0.8333399999999997,16,-23018.910000000003,-25010.088002172
2024-04-15 17:51:21,22.500180000000004,-0.1388899999999999,16,31312.53,8233.444897443449
2024-04-15 17:51:23,23.611300000000004,0.5555599999999998,16,34275.0,48921.73643645043
2024-04-15 17:51:25,24.722420000000003,0.5555599999999998,16,31954.26,51871.51625998023
2024-04-15 17:51:27,26.111320000000003,0.6944499999999998,16,29119.4,65235.79841004052
2024-04-15 17:51:29,27.22244,0.5555599999999998,16,24410.75,58872.02800480988
2024-04-15 17:51:31,27.50022,0.1388899999999999,16,-14784.9,29542.78395906863
2024-04-15 17:51:33,27.50022,0.0,16,-20804.82,19496.24428117752
2024-04-15 17:51:35,27.50022,0.0,16,-19980.11,19496.24428117752
2024-04-15 17:51:37,27.22244,-0.1388899999999999,16,-22133.460000000003,13099.718286312183
2024-04-15 17:51:39,26.94466,-0.1388899999999999,16,-21155.8,12763.08390897272
2024-04-15 17:51:41,26.389100000000003,-0.2777799999999999,16,-21615.24,4448.399003736997
2024-04-15 17:51:43,26.111320000000003,-0.1388899999999999,16,-10174.62,11792.607547015108
2024-04-15 17:51:45,26.111320000000003,0.0,16,4238.639999999999,17540.10498974937
2024-04-15 17:51:47,25.277980000000003,-0.4166699999999999,16,-26742.089000000004,-3888.473532995751
2024-04-15 17:51:49,24.166860000000003,-0.5555599999999998,16,-32444.5,-11495.870237865996
2024-04-15 17:51:51,23.333520000000004,-0.4166699999999999,16,-8585.74,-4666.706326811916
2024-04-15 17:51:53,23.055740000000004,-0.1388899999999999,16,-6607.65,8715.893610612904
2024-04-15 17:51:55,22.500180000000004,-0.2777799999999999,16,-11100.38,1701.2701593952845
2024-04-15 17:51:57,21.38906,-0.5555600000000016,16,-23024.48,-11468.575228428608
2024-04-15 17:51:59,19.72238,-0.8333399999999997,16,-48474.4,-22843.08011448525
2024-04-15 17:52:01,18.0557,-0.8333399999999997,16,-23970.76,-21402.059779442585
2024-04-15 17:52:03,17.500140000000002,-0.2777799999999999,16,-4104.54,-240.94809319168417
2024-04-15 17:52:05,16.944580000000002,-0.2777799999999999,16,-14091.45,-360.640269545198
2024-04-15 17:52:07,16.111240000000002,-0.4166699999999999,16,-6540.3,-5243.243042679615
2024-04-15 17:52:09,16.111240000000002,0.0,16,1138.65,7715.924699490213
2024-04-15 17:52:11,15.00012,-0.5555600000000007,16,-24657.82,-9478.412698927545
2024-04-15 17:52:13,14.44456,-0.2777799999999999,16,-4409.74,-691.5566340832484
2024-04-15 17:52:15,14.44456,0.0,16,3642.24,6681.4049299272765
2024-04-15 17:52:17,14.72234,0.1388899999999999,16,3867.84,12222.468739383055
2024-04-15 17:52:19,13.889,-0.4166699999999999,16,-22581.84,-4804.2543924233305
2024-04-15 17:52:21,13.889,0.0,16,9928.49,6367.441937033416
2024-04-15 17:52:23,16.666800000000002,1.3889000000000005,16,55515.72,68981.44237078248
2024-04-15 17:52:25,18.88904,1.1111199999999997,16,45162.04000000001,64984.38978894772
2024-04-15 17:52:27,20.27794,0.6944499999999998,16,34789.82,48026.5292804154
2024-04-15 17:52:29,21.66684,0.6944499999999998,16,31884.8,51898.12345056224
2024-04-15 17:52:31,23.333520000000004,0.8333400000000015,16,30380.8,65247.763685030295
2024-04-15 17:52:33,24.166860000000003,0.4166699999999999,16,26337.5,41555.883889341465
2024-04-15 17:52:35,25.000200000000003,0.4166699999999999,16,22141.14,43490.85743064765
2024-04-15 17:52:37,25.833540000000003,0.4166699999999999,16,18840.0,45481.37679710931
2024-04-15 17:52:39,26.389100000000003,0.2777799999999999,16,14782.320000000002,37199.4703959443
2024-04-15 17:52:41,26.666880000000003,0.1388899999999999,16,12227.759999999998,28044.94640288163
2024-04-15 17:52:43,26.94466,0.1388899999999999,16,11024.46,28537.591401513902
2024-04-15 17:52:45,26.94466,0.0,16,12378.719999999998,18694.012121155945
2024-04-15 17:52:47,26.94466,0.0,16,11774.88,18694.012121155945
2024-04-15 17:52:49,26.94466,0.0,16,10950.4,18694.012121155945
2024-04-15 17:52:51,26.94466,0.0,16,14258.159999999998,18694.012121155945
2024-04-15 17:52:53,26.94466,0.0,16,20869.18,18694.012121155945
2024-04-15 17:52:55,27.22244,0.1388899999999999,16,23032.620000000003,29036.84956743627
2024-04-15 17:52:57,27.22244,0.0,16,22065.83,19091.790088311733
2024-04-15 17:52:59,27.50022,0.1388899999999999,16,27955.800000000003,29542.78395906863
2024-04-15 17:53:01,27.778,0.1388899999999999,16,25417.6,30055.45763483092
2024-04-15 17:53:03,27.778,0.0,16,28695.840000000004,19907.437758173222
2024-04-15 17:53:05,28.88912,0.5555599999999998,16,66659.59999999999,63836.6283627498
2024-04-15 17:53:07,29.44468,0.2777799999999999,16,61892.87999999999,44033.45699690598
2024-04-15 17:53:09,30.00024,0.2777799999999999,16,60535.98,45366.88974678774
2024-04-15 17:53:11,30.83358,0.4166699999999999,16,67835.9,58686.29965506954
2024-04-15 17:53:13,31.389140000000005,0.2777800000000017,16,36577.2,48829.44431725271
2024-04-15 17:53:15,31.389140000000005,0.0,16,33299.35,25894.919396006186
2024-04-15 17:53:17,31.666920000000005,0.1388899999999999,16,30500.58,37975.82664430266
2024-04-15 17:53:19,31.666920000000005,0.0,16,29053.439999999995,26407.08398491289
2024-04-15 17:53:21,31.666920000000005,0.0,16,31283.119999999995,26407.08398491289
2024-04-15 17:53:23,31.944700000000005,0.1388899999999999,16,22800.0,38597.156592404725
2024-04-15 17:53:25,32.222480000000004,0.1388899999999999,16,48911.36,39226.23475935551
2024-04-15 17:53:27,33.055820000000004,0.4166699999999999,16,66723.78000000001,65312.876463944674
2024-04-15 17:53:29,33.889160000000004,0.4166699999999999,16,49373.61,67928.11612744367
2024-04-15 17:53:31,34.166940000000004,0.1388899999999999,16,35043.68,43852.02896304854
2024-04-15 17:53:33,34.166940000000004,0.0,16,23521.74,31369.964514759584
2024-04-15 17:53:35,33.889160000000004,-0.1388899999999999,16,23303.23,23326.84542128524
2024-04-15 17:53:37,33.889160000000004,0.0,16,25472.800000000003,30786.363378876515
2024-04-15 17:53:39,33.889160000000004,0.0,16,25394.49,30786.363378876515
2024-04-15 17:53:41,33.889160000000004,0.0,16,26051.28,30786.363378876515
2024-04-15 17:53:43,33.611380000000004,-0.1388899999999999,16,25676.98,22812.57750300668
2024-04-15 17:53:45,33.611380000000004,0.0,16,25319.58,30210.95187078163
2024-04-15 17:53:47,33.611380000000004,0.0,16,23909.05,30210.95187078163
2024-04-15 17:53:49,33.611380000000004,0.0,16,24720.3,30210.95187078163
2024-04-15 17:53:51,33.333600000000004,-0.1388899999999999,16,24199.16,22306.436154096373
2024-04-15 17:53:53,33.333600000000004,0.0,16,24573.76,29643.666932055006
2024-04-15 17:53:55,33.333600000000004,0.0,16,24648.68,29643.666932055006
2024-04-15 17:53:57,33.611380000000004,0.1388899999999999,16,23531.16,42490.05592153744
2024-04-15 17:53:59,33.611380000000004,0.0,16,23081.52,30210.95187078163
2024-04-15 17:54:01,33.611380000000004,0.0,16,24192.7,30210.95187078163
2024-04-15 17:54:03,33.889160000000004,0.1388899999999999,16,28222.220000000005,43166.9476283989
2024-04-15 17:54:05,33.611380000000004,-0.1388899999999999,16,-10567.2,22812.57750300668
2024-04-15 17:54:07,32.778040000000004,-0.4166699999999999,16,-18094.69,2168.0211915089058
2024-04-15 17:54:09,32.222480000000004,-0.2777799999999999,16,-1961.96,11007.155905793716
2024-04-15 17:54:11,31.666920000000005,-0.2777799999999999,16,-2717.28,10243.283633043658
2024-04-15 17:54:13,30.5558,-0.5555600000000016,16,-15076.24,-9184.558905034784
2024-04-15 17:54:15,30.00024,-0.2777799999999999,16,-7032.660000000001,8134.092795646806
2024-04-15 17:54:17,29.44468,-0.2777799999999999,16,-5746.36,7490.15628560099
2024-04-15 17:54:19,29.1669,-0.1388899999999999,16,2114.28,15646.624519084202
2024-04-15 17:54:21,29.1669,0.0,16,16705.5,22066.701449798005
2024-04-15 17:54:23,29.44468,0.1388899999999999,16,31195.84,33276.55592764883
2024-04-15 17:54:25,30.27802,0.4166699999999999,16,33854.8,57105.8764729394
2024-04-15 17:54:27,30.83358,0.2777799999999999,16,33607.65,47421.99759197951
2024-04-15 17:54:29,31.111360000000005,0.1388900000000017,16,32638.960000000003,36756.159170965104
2024-04-15 17:54:31,31.666920000000005,0.2777799999999999,16,40268.69,49544.56930369243
2024-04-15 17:54:33,32.500260000000004,0.4166699999999999,16,40913.68,63609.49071495392
2024-04-15 17:54:35,32.778040000000004,0.1388899999999999,16,40684.25,40507.887983482906
2024-04-15 17:54:37,33.055820000000004,0.1388899999999999,16,38892.65,41160.589157499366
2024-04-15 17:54:39,33.055820000000004,0.0,16,39937.75,29084.44550427671
2024-04-15 17:54:41,32.500260000000004,-0.2777799999999999,16,36737.64000000001,11400.77742886174
2024-04-15 17:54:43,32.222480000000004,-0.1388899999999999,16,43456.82,20361.87528373924
2024-04-15 17:54:45,32.778040000000004,0.2777799999999999,16,66995.44,52482.55143793898
2024-04-15 17:54:47,32.500260000000004,-0.1388899999999999,16,29655.9,20836.14093937576
2024-04-15 17:54:49,31.944700000000005,-0.2777799999999999,16,21030.04,10621.345659994333
2024-04-15 17:54:51,31.389140000000005,-0.2777799999999999,16,12224.016,9872.906766521774
2024-04-15 17:54:53,30.83358,-0.2777800000000017,16,7587.12,9154.956281084544
2024-04-15 17:54:55,30.27802,-0.2777799999999999,16,-11622.38,8466.989736323616
2024-04-15 17:54:57,28.61134,-0.8333399999999997,16,-69178.2,-27172.267857119696
2024-04-15 17:54:59,26.111320000000003,-1.2500099999999996,16,-62287.280000000006,-49750.929168102506
2024-04-15 17:55:01,25.000200000000003,-0.5555599999999998,16,-20872.5,-11390.267528532482
2024-04-15 17:55:03,25.000200000000003,0.0,16,-755.4,16091.203763671883
2024-04-15 17:55:05,24.722420000000003,-0.1388899999999999,16,3698.0300000000007,10302.786005426193
2024-04-15 17:55:07,24.722420000000003,0.0,16,6182.799999999999,15744.565499078844
2024-04-15 17:55:09,24.722420000000003,0.0,16,4525.799999999999,15744.565499078844
2024-04-15 17:55:11,24.722420000000003,0.0,16,1963.0,15744.565499078844
2024-04-15 17:55:13,24.722420000000003,0.0,16,-1359.36,15744.565499078844
2024-04-15 17:55:15,24.444640000000003,-0.1388899999999999,16,-6504.179999999999,10023.400030580156
2024-04-15 17:55:17,24.166860000000003,-0.1388899999999999,16,-4991.579999999999,9750.059697244884
2024-04-15 17:55:19,23.889080000000003,-0.1388899999999999,16,-2646.0,9482.701947000443
2024-04-15 17:55:21,24.444640000000003,0.2777799999999999,16,17907.12,33264.550917334025
2024-04-15 17:55:23,24.166860000000003,-0.1388899999999999,16,-22314.6,9750.059697244884
2024-04-15 17:55:25,23.055740000000004,-0.5555599999999998,16,-21870.72,-11553.211959665292
2024-04-15 17:55:27,22.2224,-0.4166700000000016,16,-19508.87,-4982.568522899506
2024-04-15 17:55:29,21.66684,-0.2777799999999999,16,-19136.88,1261.4035855814582
2024-04-15 17:55:31,20.8335,-0.4166699999999999,16,-15016.651999999998,-5253.192787752483
2024-04-15 17:55:33,20.55572,-0.1388899999999999,16,12447.6,6718.0971603000025
2024-04-15 17:55:35,21.66684,0.5555599999999998,16,36459.72,43982.667946769245
2024-04-15 17:55:37,22.777960000000004,0.5555600000000016,16,34870.35,46771.11516890831
2024-04-15 17:55:39,23.889080000000003,0.5555599999999998,16,29853.98,49650.23904690659
2024-04-15 17:55:41,24.722420000000003,0.4166699999999999,16,26646.3,42839.77856975488
2024-04-15 17:55:43,25.277980000000003,0.2777799999999999,16,14436.48,34913.40996213253
2024-04-15 17:55:45,25.555760000000003,0.1388899999999999,16,7158.25,26139.236912854787
2024-04-15 17:55:47,25.833540000000003,0.1388899999999999,16,7838.48,26606.059826526005
2024-04-15 17:55:49,26.389100000000003,0.2777799999999999,16,5958.18,37199.4703959443
2024-04-15 17:55:51,26.666880000000003,0.1388899999999999,16,1660.56,28044.94640288163
2024-04-15 17:55:53,26.666880000000003,0.0,16,1057.14,18302.847321290243
2024-04-15 17:55:55,26.666880000000003,0.0,16,1963.26,18302.847321290243
2024-04-15 17:55:57,26.389100000000003,-0.1388899999999999,16,2793.13,12109.591597744107
2024-04-15 17:55:59,25.833540000000003,-0.2777799999999999,16,6411.549999999999,3982.143159446292
2024-04-15 17:56:01,25.833540000000003,0.0,16,18198.4,17168.40134123435
2024-04-15 17:56:03,25.555760000000003,-0.1388899999999999,16,18198.4,11177.848363228097
2024-04-15 17:56:05,25.277980000000003,-0.1388899999999999,16,12493.160000000002,10879.947113330236
2024-04-15 17:56:07,24.722420000000003,-0.2777799999999999,16,0.0,3125.4582068300588
2024-04-15 17:56:09,24.444640000000003,-0.1388899999999999,16,830.6100000000001,10023.400030580156
2024-04-15 17:56:11,23.889080000000003,-0.2777799999999999,16,1509.8,2547.3065461097995
2024-04-15 17:56:13,23.611300000000004,-0.1388899999999999,16,2189.21,9221.26372142692
2024-04-15 17:56:15,23.611300000000004,0.0,16,2868.24,14418.468855814284
2024-04-15 17:56:17,23.333520000000004,-0.1388899999999999,16,5732.679999999999,8965.68196210438
2024-04-15 17:56:19,23.333520000000004,0.0,16,13021.099,14101.743506675422
2024-04-15 17:56:21,23.333520000000004,0.0,16,13550.4,14101.743506675422
2024-04-15 17:56:23,23.611300000000004,0.1388899999999999,16,14750.96,23044.28575097332
2024-04-15 17:56:25,22.2224,-0.6944500000000016,16,-31020.239999999994,-18097.973146120283
2024-04-15 17:56:27,21.11128,-0.5555599999999998,16,-12726.82,-11435.369269652268
2024-04-15 17:56:29,20.27794,-0.4166699999999999,16,-10076.080000000002,-5324.419910392018
2024-04-15 17:56:31,19.72238,-0.2777799999999999,16,-7724.459999999999,421.6325263225608
2024-04-15 17:56:33,18.88904,-0.4166699999999999,16,-6132.51,-5414.345348131304
2024-04-15 17:56:35,18.61126,-0.1388899999999999,16,1813.92,5455.727781115838
2024-04-15 17:56:37,18.33348,-0.1388899999999999,16,2342.36,5294.779424504047
2024-04-15 17:56:39,17.77792,-0.2777799999999999,16,-7950.6,-174.4297627059059
2024-04-15 17:56:41,17.222360000000002,-0.2777799999999999,16,-2270.1000000000004,-302.9972426648092
2024-04-15 17:56:43,16.666800000000002,-0.2777799999999999,16,-1740.1799999999998,-413.94023225278215
2024-04-15 17:56:45,16.666800000000002,0.0,16,6418.35,8093.323110836287
2024-04-15 17:56:47,17.222360000000002,0.2777799999999999,16,19344.39,21071.386192249432
2024-04-15 17:56:49,18.33348,0.5555599999999998,16,32554.34,36121.0288267576
2024-04-15 17:56:51,19.16682,0.4166699999999999,16,31495.8,31017.160638844038
2024-04-15 17:56:53,19.72238,0.2777799999999999,16,26417.6,24898.749040498544
2024-04-15 17:56:55,20.27794,0.2777799999999999,16,20886.14,25802.365750535064
2024-04-15 17:56:57,20.27794,0.0,16,14889.996,10986.256730614834
2024-04-15 17:56:59,20.55572,0.1388899999999999,16,23794.02,18752.25751543452
2024-04-15 17:57:01,21.11128,0.2777799999999999,16,21998.44,27196.196700728884
2024-04-15 17:57:03,21.38906,0.1388899999999999,16,16835.84,19857.325515483844
2024-04-15 17:57:05,21.11128,-0.1388899999999999,16,6932.2,7124.293662168729
2024-04-15 17:57:07,20.8335,-0.1388899999999999,16,16619.2,6918.582470208493
2024-04-15 17:57:09,20.55572,-0.1388899999999999,16,13616.63,6718.0971603000025
2024-04-15 17:57:11,21.11128,0.2777799999999999,16,42371.91,27196.196700728884
2024-04-15 17:57:13,21.94462,0.4166699999999999,16,36851.75,36654.563817727314
2024-04-15 17:57:15,22.500180000000004,0.2777800000000017,16,19285.28,29625.86787275109
2024-04-15 17:57:17,22.2224,-0.1388900000000017,16,8428.0,8000.658418925538
2024-04-15 17:57:19,21.94462,-0.1388899999999999,16,10381.74,7773.4131145591555
2024-04-15 17:57:21,21.66684,-0.1388899999999999,16,10458.36,7551.645925924137
2024-04-15 17:57:23,21.38906,-0.1388899999999999,16,11281.5,7335.293794600636
2024-04-15 17:57:25,20.27794,-0.5555599999999998,16,-3321.12,-11304.269984173152
2024-04-15 17:57:27,19.4446,-0.4166699999999999,16,-3397.9500000000003,-5393.17000131189
2024-04-15 17:57:29,19.16682,-0.1388899999999999,16,3468.86,5791.851796836401
2024-04-15 17:57:31,19.16682,0.0,16,3694.6,10010.759494162614
2024-04-15 17:57:33,19.4446,0.1388899999999999,16,3694.6,17350.81877358794
2024-04-15 17:57:35,19.72238,0.1388899999999999,16,2262.6000000000004,17693.654928071584
2024-04-15 17:57:37,19.16682,-0.2777799999999999,16,-19409.92,227.40664961018592
2024-04-15 17:57:39,18.0557,-0.5555599999999998,16,-24835.65,-10734.906504366429
2024-04-15 17:57:41,16.944580000000002,-0.5555599999999998,16,-27975.36,-10337.919746565383
2024-04-15 17:57:43,15.555680000000002,-0.6944499999999998,16,-15932.7,-14337.941281449816
2024-04-15 17:57:45,14.72234,-0.4166700000000007,16,-8484.0,-4997.979904469698
2024-04-15 17:57:47,14.44456,-0.1388899999999999,16,6869.589999999999,3501.938259478537
2024-04-15 17:57:49,14.44456,0.0,16,4832.0,6681.4049299272765
2024-04-15 17:57:51,14.72234,0.1388899999999999,16,9427.5,12222.468739383055
2024-04-15 17:57:53,15.2779,0.2777799999999999,16,16559.4,18343.64546759252
2024-04-15 17:57:55,15.2779,0.0,16,5507.849999999999,7180.823603269059
2024-04-15 17:57:57,15.833460000000002,0.2777800000000008,16,14756.84,19102.230515786498
2024-04-15 17:57:59,15.833460000000002,0.0,16,-2039.85,7533.487856396692
2024-04-15 17:58:01,15.2779,-0.2777800000000008,16,-9460.0,-617.5011278959482
2024-04-15 17:58:03,14.72234,-0.2777799999999999,16,-1209.28,-670.7310816408626
2024-04-15 17:58:05,14.72234,0.0,16,9725.31,6844.018204754481
2024-04-15 17:58:07,15.00012,0.1388899999999999,16,5507.849999999999,12490.400809790255
2024-04-15 17:58:09,15.833460000000002,0.4166700000000007,16,18348.8,24886.60184548138
2024-04-15 17:58:11,16.389020000000002,0.2777799999999999,16,10544.8,19877.17888595285
2024-04-15 17:58:13,16.944580000000002,0.2777799999999999,16,8815.949999999999,20668.99504545107
2024-04-15 17:58:15,17.500140000000002,0.2777799999999999,16,17291.399999999998,21478.183461640525
2024-04-15 17:58:17,17.500140000000002,0.0,16,6933.12,8691.678417051837
2024-04-15 17:58:19,17.500140000000002,0.0,16,13473.33,8691.678417051837
2024-04-15 17:58:21,18.0557,0.2777799999999999,16,27896.28,22305.24860188061
2024-04-15 17:58:23,18.33348,0.1388899999999999,16,27367.7,16027.94947097537
2024-04-15 17:58:25,18.61126,0.1388899999999999,16,25050.0,16351.52161617006
2024-04-15 17:58:27,18.61126,0.0,16,23928.19,9552.348298809407
2024-04-15 17:58:29,18.61126,0.0,16,23993.6,9552.348298809407
2024-04-15 17:58:31,18.61126,0.0,16,24365.25,9552.348298809407
2024-04-15 17:58:33,18.61126,0.0,16,28379.52,9552.348298809407
2024-04-15 17:58:35,18.33348,-0.1388899999999999,16,20102.68,5294.779424504047
2024-04-15 17:58:37,18.33348,0.0,16,21819.18,9330.256352381291
2024-04-15 17:58:39,18.61126,0.1388899999999999,16,64212.48000000001,16351.52161617006
2024-04-15 17:58:41,21.11128,1.2500099999999996,16,87060.4,81183.6624445478
2024-04-15 17:58:43,21.38906,0.1388899999999999,16,10948.54,19857.325515483844
2024-04-15 17:58:45,20.55572,-0.4166699999999999,16,11180.96,-5291.387760888159
2024-04-15 17:58:47,20.00016,-0.2777799999999999,16,14326.910000000002,526.1744080268618
2024-04-15 17:58:49,20.00016,0.0,16,33228.15,10734.890419733743
2024-04-15 17:58:51,20.27794,0.1388899999999999,16,32261.76,18394.31124057495
2024-04-15 17:58:53,20.55572,0.1388899999999999,16,43645.28,18752.25751543452
2024-04-15 17:58:55,21.11128,0.2777799999999999,16,39708.5,27196.196700728884
2024-04-15 17:58:57,21.11128,0.0,16,30300.435,11771.206488209196
2024-04-15 17:58:59,21.66684,0.2777799999999999,16,37185.48,28151.756939183244
2024-04-15 17:59:01,21.66684,0.0,16,675.99,12320.845931597249
2024-04-15 17:59:03,20.27794,-0.6944499999999998,16,-24638.04,-17292.226629080975
2024-04-15 17:59:05,20.00016,-0.1388899999999999,16,1731.21,6332.5519529585645
2024-04-15 17:59:07,20.8335,0.4166699999999999,16,13501.8,34337.39642891244
2024-04-15 17:59:09,21.38906,0.2777799999999999,16,2030.6700000000003,27671.300820510267
2024-04-15 17:59:11,20.8335,-0.2777799999999999,16,-26436.75,870.2725275713019
2024-04-15 17:59:13,20.8335,0.0,16,-17699.76,11504.351706432635
2024-04-15 17:59:15,20.8335,0.0,16,-28216.2,11504.351706432635
2024-04-15 17:59:17,20.55572,-0.1388899999999999,16,-24420.480000000003,6718.0971603000025
2024-04-15 17:59:19,19.72238,-0.4166699999999999,16,-49645.26,-5375.247972183955
2024-04-15 17:59:21,18.61126,-0.5555599999999998,16,-46829.78,-10906.08032983162
2024-04-15 17:59:23,17.500140000000002,-0.5555599999999998,16,-43943.04,-10545.351487491218
2024-04-15 17:59:25,16.389020000000002,-0.5555599999999998,16,-36123.54,-10113.115748948316
2024-04-15 17:59:27,15.555680000000002,-0.4166699999999999,16,-37128.880000000005,-5157.158045195276
2024-04-15 17:59:29,14.72234,-0.4166700000000007,16,-26171.52,-4997.979904469698
2024-04-15 17:59:31,13.889,-0.4166699999999999,16,-25791.12,-4804.2543924233305
2024-04-15 17:59:33,13.05566,-0.4166699999999999,16,-14886.2,-4577.684086394209
2024-04-15 17:59:35,12.222320000000002,-0.4166699999999999,16,-22434.75,-4319.971563720255
2024-04-15 17:59:37,11.1112,-0.5555600000000007,16,-16563.64,-7207.484322384931
2024-04-15 17:59:39,11.666760000000002,0.2777800000000008,16,756.6,13776.85885040223
2024-04-15 17:59:41,12.77788,0.5555599999999998,16,10867.68,24455.16111558017
2024-04-15 17:59:43,13.889,0.5555599999999998,16,6871.41,26663.481690348795
2024-04-15 17:59:45,14.44456,0.2777799999999999,16,-2193.85,17235.345601651276
2024-04-15 17:59:47,14.44456,0.0,16,-4011.04,6681.4049299272765
2024-04-15 17:59:49,12.77788,-0.8333399999999997,16,-37952.58,-15812.343102342867
2024-04-15 17:59:51,9.7223,-1.5277900000000004,16,-17026.239999999998,-26363.424019696373
2024-04-15 17:59:53,9.16674,-0.2777799999999999,16,-1211.36,-441.7764344388638
2024-04-15 17:59:55,9.7223,0.2777799999999999,16,4610.379999999999,11546.794875071178
2024-04-15 17:59:57,10.27786,0.2777799999999999,16,8457.119999999999,12169.492408307278
2024-04-15 17:59:59,11.388980000000002,0.5555600000000007,16,8983.31,21770.724186133757
2024-04-15 18:00:01,12.77788,0.6944499999999998,16,17770.8,29123.250258842698
2024-04-15 18:00:03,13.05566,0.1388899999999999,16,2870.52,10693.27980532425
2024-04-15 18:00:05,13.33344,0.1388899999999999,16,2568.36,10939.12617114982
2024-04-15 18:00:07,12.77788,-0.2777799999999999,16,-12203.8,-739.430687171608
2024-04-15 18:00:09,12.222320000000002,-0.2777799999999999,16,-9927.179999999998,-727.5385787303007
2024-04-15 18:00:11,11.944540000000002,-0.1388899999999999,16,-2194.14,2751.043311696784
2024-04-15 18:00:13,12.500100000000002,0.2777799999999999,16,8602.44,14778.513698630755
2024-04-15 18:00:15,13.05566,0.2777799999999999,16,10106.28,15462.849147353363
2024-04-15 18:00:17,13.33344,0.1388899999999999,16,2719.08,10939.12617114982
2024-04-15 18:00:19,12.77788,-0.2777799999999999,16,-14788.8,-739.430687171608
2024-04-15 18:00:21,11.944540000000002,-0.4166699999999999,16,-10836.54,-4227.441169534177
2024-04-15 18:00:23,11.666760000000002,-0.1388899999999999,16,1511.8,2684.4913817242223
2024-04-15 18:00:25,12.222320000000002,0.2777799999999999,16,5587.0,14441.37869766045
2024-04-15 18:00:27,12.500100000000002,0.1388899999999999,16,5134.68,10211.904754134795
2024-04-15 18:00:29,13.05566,0.2777799999999999,16,8676.75,15462.849147353363
2024-04-15 18:00:31,13.61122,0.2777799999999999,16,4830.72,16161.025581251448
2024-04-15 18:00:33,13.05566,-0.2777799999999999,16,-6727.952,-740.3124887913027
2024-04-15 18:00:35,12.222320000000002,-0.4166699999999999,16,-10912.32,-4319.971563720255
2024-04-15 18:00:37,11.1112,-0.5555600000000007,17,-14106.24,-7490.984322384931
2024-04-15 18:00:39,10.00008,-0.5555599999999998,17,-6588.509999999999,-6725.902488223406
2024-04-15 18:00:41,10.55564,0.2777799999999999,17,14469.12,12201.55413885731
2024-04-15 18:00:43,11.388980000000002,0.4166700000000007,17,12436.05,17326.5360367041
2024-04-15 18:00:45,11.388980000000002,0.0,17,3624.48,4844.47158841511
2024-04-15 18:00:47,11.388980000000002,0.0,17,3851.01,4844.47158841511
2024-04-15 18:00:49,11.666760000000002,0.1388899999999999,17,6113.07,9231.190502205976
2024-04-15 18:00:51,11.944540000000002,0.1388899999999999,17,7460.027,9460.366220761432
2024-04-15 18:00:53,11.944540000000002,0.0,17,5659.5,5096.7176737986265
2024-04-15 18:00:55,12.222320000000002,0.1388899999999999,17,5282.900000000001,9692.749951931066
2024-04-15 18:00:57,12.500100000000002,0.1388899999999999,17,5809.650000000001,9928.404754134795
2024-04-15 18:00:59,12.222320000000002,-0.1388899999999999,17,-3024.0,2537.3032542835176
2024-04-15 18:01:01,11.666760000000002,-0.2777799999999999,17,-5295.5,-986.0621861526052
2024-04-15 18:01:03,9.7223,-0.9722300000000006,17,-17834.149999999998,-15145.464143517238
2024-04-15 18:01:05,8.333400000000001,-0.6944499999999998,17,-10001.64,-7957.346895785542
2024-04-15 18:01:07,7.50006,-0.4166700000000003,17,-1436.9699999999998,-2637.0448725777405
2024-04-15 18:01:09,7.50006,0.0,17,-3707.3400000000006,3395.671145328909
2024-04-15 18:01:11,4.72226,-1.3889,17,-14563.2,-10931.579256486948
2024-04-15 18:01:13,1.3889,-1.6666800000000002,17,-5830.4400000000005,-2888.57447979707
2024-04-15 18:01:15,0.0,-0.69445,17,604.88,1667.5
2024-04-15 18:01:17,0.0,0.0,17,756.0,1667.5
2024-04-15 18:01:19,0.0,0.0,17,680.31,1667.5
2024-04-15 18:01:21,0.0,0.0,17,1209.28,1667.5
2024-04-15 18:01:23,3.3333600000000003,1.6666800000000002,17,9430.0,16930.26128549728
2024-04-15 18:01:25,6.388940000000001,1.5277900000000002,17,16038.9,28742.9522641588
2024-04-15 18:01:27,8.055620000000001,0.8333400000000002,17,13107.419999999998,21229.772548962967
2024-04-15 18:01:29,9.16674,0.5555599999999998,17,16107.78,17349.104641448277
2024-04-15 18:01:31,10.27786,0.5555599999999998,17,12427.8,19395.52711703397
2024-04-15 18:01:33,11.1112,0.4166699999999999,17,10172.25,16900.62677058403
2024-04-15 18:01:35,11.666760000000002,0.2777800000000008,16,12644.549,13776.85885040223
2024-04-15 18:01:37,12.500100000000002,0.4166699999999999,16,11296.5,19345.12264312672
2024-04-15 18:01:39,13.05566,0.2777799999999999,16,9568.179999999998,15462.849147353363
2024-04-15 18:01:41,12.77788,-0.1388899999999999,17,-1510.8,2686.699410979202
2024-04-15 18:01:43,12.500100000000002,-0.1388899999999999,17,151.04000000000002,2610.334267904349
2024-04-15 18:01:45,12.500100000000002,0.0,17,679.59,5361.795809638836
2024-04-15 18:01:47,12.222320000000002,-0.1388899999999999,17,-8019.96,2537.3032542835176
2024-04-15 18:01:49,11.388980000000002,-0.4166699999999999,17,-6582.42,-4316.319401739424
2024-04-15 18:01:51,11.388980000000002,0.0,17,2793.5,4844.47158841511
2024-04-15 18:01:53,11.1112,-0.1388900000000008,17,1963.26,2277.259325941904
2024-04-15 18:01:55,11.944540000000002,0.4166700000000007,17,14604.319999999998,18187.663314687077
2024-04-15 18:01:57,12.77788,0.4166699999999999,17,12503.120000000004,19503.571972317623
2024-04-15 18:01:59,12.77788,0.0,17,-4837.76,5499.304542530012
2024-04-15 18:02:01,12.222320000000002,-0.2777799999999999,17,453.12,-1011.0385787303009
2024-04-15 18:02:03,11.1112,-0.5555600000000007,17,-10373.64,-7490.984322384931
2024-04-15 18:02:05,11.1112,0.0,17,4452.7300000000005,4723.0029185948015
2024-04-15 18:02:07,11.666760000000002,0.2777800000000008,17,12503.120000000004,13493.35885040223
2024-04-15 18:02:09,12.222320000000002,0.2777799999999999,17,11749.92,14157.87869766045
2024-04-15 18:02:11,12.77788,0.2777799999999999,17,12725.7,14835.482829055089
2024-04-15 18:02:13,13.61122,0.4166699999999999,17,12422.85,20850.05532081372
2024-04-15 18:02:15,13.889,0.1388899999999999,17,10168.2,11157.95187536226
2024-04-15 18:02:17,13.61122,-0.1388899999999999,17,-2493.15,2936.430201127137
2024-04-15 18:02:19,13.05566,-0.2777799999999999,17,-6723.507,-1023.8124887913028
2024-04-15 18:02:21,12.222320000000002,-0.4166699999999999,17,-5823.51,-4603.471563720255
2024-04-15 18:02:23,10.83342,-0.6944500000000007,17,-15465.24,-10503.129804667517
2024-04-15 18:02:25,10.00008,-0.4166699999999999,17,-6348.713000000001,-3776.935328550519
2024-04-15 18:02:27,10.00008,0.0,17,4604.889999999999,4266.68602865834
2024-04-15 18:02:29,10.27786,0.1388899999999999,17,5810.42,8131.225053943934
2024-04-15 18:02:31,10.55564,0.1388899999999999,17,9272.97,8345.306585727387
2024-04-15 18:02:33,11.388980000000002,0.4166700000000007,17,10772.19,17326.5360367041
2024-04-15 18:02:35,11.944540000000002,0.2777799999999999,17,11822.1,13824.01476772424
2024-04-15 18:02:37,13.33344,0.6944499999999998,17,23518.82,30139.82433433258
2024-04-15 18:02:39,14.72234,0.6944499999999998,17,10985.04,33452.77087789736
2024-04-15 18:02:41,13.61122,-0.5555599999999998,17,-14606.388,-9029.66826807324
2024-04-15 18:02:43,11.944540000000002,-0.8333399999999997,17,-19033.33,-15090.050776843414
2024-04-15 18:02:45,11.1112,-0.4166700000000007,17,1208.3200000000002,-4214.354144970616
2024-04-15 18:02:47,10.55564,-0.2777799999999999,17,-5066.540000000001,-898.8744180256112
2024-04-15 18:02:49,9.44452,-0.5555599999999998,17,-12954.96,-6326.509715414728
2024-04-15 18:02:51,7.22228,-1.11112,17,-21943.77,-13165.782587617146
2024-04-15 18:02:53,3.8889200000000006,-1.66668,17,-11215.44,-11033.06869876364
2024-04-15 18:02:55,1.3889,-1.2500100000000005,17,-1134.15,-1656.080437646992
2024-04-15 18:02:57,0.0,-0.69445,17,680.0400000000001,1667.5
2024-04-15 18:02:59,0.0,0.0,17,680.0400000000001,1667.5
2024-04-15 18:03:01,0.0,0.0,17,755.6,1667.5
2024-04-15 18:03:03,0.0,0.0,17,680.0400000000001,1667.5
2024-04-15 18:03:05,0.0,0.0,17,680.0400000000001,1667.5
2024-04-15 18:03:07,0.0,0.0,17,679.95,1667.5
2024-04-15 18:03:09,0.0,0.0,17,679.95,1667.5
2024-04-15 18:03:11,0.0,0.0,17,679.95,1667.5
2024-04-15 18:03:13,0.0,0.0,17,679.95,1667.5
2024-04-15 18:03:15,0.0,0.0,17,679.95,1667.5
2024-04-15 18:03:17,0.27778,0.13889,17,755.5,1818.880941951674
2024-04-15 18:03:19,3.3333600000000003,1.5277900000000002,17,9950.159999999998,15712.498900298358
2024-04-15 18:03:21,3.8889200000000006,0.2777800000000001,17,5810.42,5281.429101847612
2024-04-15 18:03:23,5.00004,0.5555599999999998,17,9048.0,10009.35588271938
2024-04-15 18:03:25,6.666720000000001,0.8333400000000002,17,12129.740000000002,17760.334978507086
2024-04-15 18:03:27,8.055620000000001,0.6944500000000002,17,14754.88,18286.846784732235
2024-04-15 18:03:29,9.44452,0.6944499999999998,17,9340.92,21307.013229736105
2024-04-15 18:03:31,10.00008,0.2777799999999999,17,6259.860000000001,11573.260339851877
2024-04-15 18:03:33,10.55564,0.2777799999999999,17,10169.55,12201.55413885731
2024-04-15 18:03:35,10.55564,0.0,17,-2039.58,4489.0590325974645
2024-04-15 18:03:37,9.44452,-0.5555599999999998,17,-10218.15,-6326.509715414728
2024-04-15 18:03:39,8.611180000000001,-0.4166699999999999,17,-2267.7,-3168.386163494002
2024-04-15 18:03:41,8.611180000000001,0.0,17,9722.73,3758.0655607691815
2024-04-15 18:03:43,9.16674,0.2777799999999999,17,9344.64,10651.4115228542
2024-04-15 18:03:45,9.44452,0.1388899999999999,17,13017.641,7505.706197481647
2024-04-15 18:03:47,10.55564,0.5555599999999998,17,17072.67,19914.049245117152
2024-04-15 18:03:49,11.388980000000002,0.4166700000000007,17,15720.98,17326.5360367041
2024-04-15 18:03:51,11.944540000000002,0.2777799999999999,17,13008.996,13824.01476772424
2024-04-15 18:03:53,12.222320000000002,0.1388899999999999,17,3318.0400000000004,9692.749951931066
2024-04-15 18:03:55,11.944540000000002,-0.1388899999999999,17,-2416.32,2467.543311696784
2024-04-15 18:03:57,11.1112,-0.4166700000000007,17,-3399.75,-4214.354144970616
2024-04-15 18:03:59,10.55564,-0.2777799999999999,17,-2341.74,-898.8744180256112
2024-04-15 18:04:01,10.00008,-0.2777799999999999,17,-1812.96,-837.6719771951016
2024-04-15 18:04:03,8.055620000000001,-0.9722299999999996,17,-20712.51,-12423.473694790357
2024-04-15 18:04:05,2.7778,-2.6389100000000005,17,-11971.660000000002,-13177.191172718743
2024-04-15 18:04:07,0.0,-1.3889,17,453.36,1667.5
2024-04-15 18:04:09,0.0,0.0,17,755.5,1667.5
2024-04-15 18:04:11,0.0,0.0,17,755.4,1667.5
2024-04-15 18:04:13,0.0,0.0,17,755.4,1667.5
2024-04-15 18:04:15,0.0,0.0,17,755.4,1667.5
2024-04-15 18:04:17,0.0,0.0,17,755.4,1667.5
2024-04-15 18:04:19,0.0,0.0,17,755.4,1667.5
2024-04-15 18:04:21,0.0,0.0,17,755.4,1667.5
2024-04-15 18:04:23,0.0,0.0,17,755.4,1667.5
2024-04-15 18:04:25,0.0,0.0,17,755.4,1667.5
2024-04-15 18:04:27,0.0,0.0,16,755.4,1951.0
2024-04-15 18:04:29,0.0,0.0,16,755.4,1951.0
2024-04-15 18:04:31,0.0,0.0,16,755.4,1951.0
2024-04-15 18:04:33,0.0,0.0,16,755.3,1951.0
2024-04-15 18:04:35,0.0,0.0,16,1661.4400000000005,1951.0
2024-04-15 18:04:37,4.72226,2.36113,16,14082.97,32246.06982415669
2024-04-15 18:04:39,9.44452,2.36113,16,40408.2,62994.434326499504
2024-04-15 18:04:41,10.83342,0.6944499999999998,16,-9447.5,24676.69184561139
2024-04-15 18:04:43,7.50006,-1.66668,16,-31704.51,-22304.5724510262
2024-04-15 18:04:45,5.5556,-0.97223,16,-24449.46,-7904.29382041654
2024-04-15 18:04:47,0.27778,-2.63891,16,0.0,463.2561662909184
2024-04-15 18:04:49,0.0,-0.13889,16,1812.24,1951.0
2024-04-15 18:04:51,0.0,0.0,16,1887.75,1951.0
2024-04-15 18:04:53,0.0,0.0,16,1887.75,1951.0
2024-04-15 18:04:55,0.0,0.0,16,1887.75,1951.0
2024-04-15 18:04:57,1.3889,0.69445,16,4075.380000000001,4743.734859062744
2024-04-15 18:04:59,3.0555800000000004,0.8333400000000002,16,10024.21,9238.7816766724
2024-04-15 18:05:01,6.388940000000001,1.6666800000000002,16,22094.1,31360.49683579007
2024-04-15 18:05:03,8.333400000000001,0.97223,16,20888.92,25258.28937657746
2024-04-15 18:05:05,9.16674,0.4166699999999999,16,-377.3,14283.758082151237
2024-04-15 18:05:07,6.111160000000001,-1.52779,16,-19870.08,-16088.967261884867
2024-04-15 18:05:09,3.61114,-1.2500100000000005,16,-604.5600000000001,-6644.816881879211
2024-04-15 18:05:11,8.055620000000001,2.22224,16,29036.61,50942.53019127028
2024-04-15 18:05:13,11.1112,1.5277899999999995,16,37350.15,49657.79037588863
2024-04-15 18:05:15,12.77788,0.8333400000000006,16,14498.364,33791.339402105266
2024-04-15 18:05:17,13.61122,0.4166699999999999,16,13834.96,21133.55532081372
2024-04-15 18:05:19,13.61122,0.0,16,-3246.07,6215.966102126911
2024-04-15 18:05:21,13.05566,-0.2777799999999999,16,-3624.48,-740.3124887913027
2024-04-15 18:05:23,13.05566,0.0,16,-2265.0,5923.710463295134
2024-04-15 18:05:25,13.33344,0.1388899999999999,16,13010.725,10939.12617114982
2024-04-15 18:05:27,13.61122,0.1388899999999999,16,150.88,11188.49584168918
2024-04-15 18:05:29,13.05566,-0.2777799999999999,16,-3247.7899999999995,-740.3124887913027
2024-04-15 18:05:31,13.05566,0.0,16,-1963.0,5923.710463295134
2024-04-15 18:05:33,12.222320000000002,-0.4166699999999999,16,-1577.9499999999998,-4319.971563720255
2024-04-15 18:05:35,11.944540000000002,-0.1388899999999999,16,754.7,2751.043311696784
2024-04-15 18:05:37,11.944540000000002,0.0,16,2489.52,5380.2176737986265
2024-04-15 18:05:39,11.666760000000002,-0.1388899999999999,16,3469.78,2684.4913817242223
2024-04-15 18:05:41,11.666760000000002,0.0,16,3695.58,5252.522154009744
2024-04-15 18:05:43,11.666760000000002,0.0,16,4072.14,5252.522154009744
2024-04-15 18:05:45,11.388980000000002,-0.1388899999999999,16,3921.32,2621.084405945911
2024-04-15 18:05:47,11.666760000000002,0.1388899999999999,16,7835.36,9514.690502205976
2024-04-15 18:05:49,11.944540000000002,0.1388899999999999,16,8586.480000000001,9743.866220761432
2024-04-15 18:05:51,11.666760000000002,-0.1388899999999999,16,-2642.85,2684.4913817242223
2024-04-15 18:05:53,10.00008,-0.8333400000000006,16,-15301.5,-12350.36430211176
2024-04-15 18:05:55,8.333400000000001,-0.8333399999999997,16,-13330.24,-10136.344306712102
2024-04-15 18:05:57,7.22228,-0.5555600000000003,16,-12798.37,-4344.863824379703
2024-04-15 18:05:59,4.72226,-1.25001,16,-6884.15,-9251.362733038111
2024-04-15 18:06:01,1.6666800000000002,-1.52779,16,-4689.06,-3021.0732703060567
2024-04-15 18:06:03,0.0,-0.8333400000000001,16,528.7099999999999,1951.0
2024-04-15 18:06:05,0.0,0.0,16,604.1600000000001,1951.0
2024-04-15 18:06:07,0.0,0.0,16,604.1600000000001,1951.0
2024-04-15 18:06:09,0.0,0.0,16,604.1600000000001,1951.0
2024-04-15 18:06:11,0.0,0.0,16,604.1600000000001,1951.0
2024-04-15 18:06:13,0.0,0.0,16,604.1600000000001,1951.0
2024-04-15 18:06:15,0.0,0.0,16,604.1600000000001,1951.0
2024-04-15 18:06:17,0.0,0.0,16,604.1600000000001,1951.0
2024-04-15 18:06:19,0.0,0.0,16,604.1600000000001,1951.0
2024-04-15 18:06:21,0.0,0.0,16,604.1600000000001,1951.0
2024-04-15 18:06:23,0.0,0.0,16,604.1600000000001,1951.0
2024-04-15 18:06:25,0.0,0.0,16,604.1600000000001,1951.0
2024-04-15 18:06:27,0.0,0.0,16,604.1600000000001,1951.0
2024-04-15 18:06:29,0.0,0.0,16,679.6800000000001,1951.0
2024-04-15 18:06:31,0.0,0.0,16,604.1600000000001,1951.0
2024-04-15 18:06:33,0.0,0.0,16,604.1600000000001,1951.0
2024-04-15 18:06:35,0.0,0.0,16,604.1600000000001,1951.0
2024-04-15 18:06:37,0.0,0.0,16,604.1600000000001,1951.0
2024-04-15 18:06:39,1.6666800000000002,0.8333400000000001,16,6863.22,5913.346167766227
2024-04-15 18:06:41,4.44448,1.3889,16,11748.36,19088.703486054517
2024-04-15 18:06:43,5.833380000000001,0.6944500000000002,16,7913.85,13855.711561122218
2024-04-15 18:06:45,5.5556,-0.1388900000000004,16,-4308.06,1904.3458717873168
2024-04-15 18:06:47,4.72226,-0.4166699999999999,16,906.0,-880.0843713993413
2024-04-15 18:06:49,7.777840000000001,1.5277900000000004,16,25677.36,35022.21470640179
2024-04-15 18:06:51,10.55564,1.3888999999999996,16,3090.5799999999995,43335.03456389668
2024-04-15 18:06:53,7.22228,-1.66668,16,-32975.32,-21427.15484015891
2024-04-15 18:06:55,6.111160000000001,-0.5555599999999998,16,-23832.6,-3442.508542013496
2024-04-15 18:06:57,4.44448,-0.8333400000000002,16,-6428.549999999999,-4659.484019162278
2024-04-15 18:06:59,3.61114,-0.4166700000000001,16,-4157.45,-243.2510759201523
2024-04-15 18:07:01,6.111160000000001,1.2500100000000005,16,19399.02,23368.26379630759
2024-04-15 18:07:03,6.944500000000001,0.4166699999999999,16,15871.420000000002,11122.43554615406
2024-04-15 18:07:05,8.055620000000001,0.5555600000000003,16,7075.365000000001,15627.421020501504
2024-04-15 18:07:07,7.777840000000001,-0.1388899999999999,16,-377.4,2054.2929714390725
2024-04-15 18:07:09,6.666720000000001,-0.5555600000000003,16,-8925.52,-3897.705988467831
2024-04-15 18:07:11,5.5556,-0.5555600000000003,16,-9457.5,-2979.7759523761038
2024-04-15 18:07:13,3.3333600000000003,-1.11112,16,-4536.0,-5003.930630677921
2024-04-15 18:07:15,3.3333600000000003,0.0,16,4225.2,2600.6126631102
2024-04-15 18:07:17,5.00004,0.83334,16,9794.2,13946.143038316151
2024-04-15 18:07:19,4.1667000000000005,-0.4166699999999999,16,-10216.8,-564.5524773723414
2024-04-15 18:07:21,3.3333600000000003,-0.4166700000000001,16,981.5,-80.59445595942088
2024-04-15 18:07:23,5.00004,0.83334,16,1660.12,13946.143038316151
2024-04-15 18:07:25,4.1667000000000005,-0.4166699999999999,16,-2870.9,-564.5524773723414
2024-04-15 18:07:27,3.61114,-0.2777800000000001,16,1056.86,818.14957873597
2024-04-15 18:07:29,2.22224,-0.69445,16,-2039.58,-729.6070066725647
2024-04-15 18:07:31,2.22224,0.0,16,2792.3900000000003,2369.404868362593
2024-04-15 18:07:33,2.7778,0.2777799999999999,16,5580.34,4512.3585715545805
2024-04-15 18:07:35,2.50002,-0.1388899999999999,16,0.0,1875.255410777544
2024-04-15 18:07:37,1.6666800000000002,-0.41667,16,-981.76,919.4554526346468
2024-04-15 18:07:39,1.6666800000000002,0.0,16,1358.64,2260.0590121694568
2024-04-15 18:07:41,1.11112,-0.27778,16,679.41,1587.06167074497
2024-04-15 18:07:43,1.11112,0.0,16,981.37,2154.212560284241
2024-04-15 18:07:45,0.8333400000000001,-0.13889,16,754.9,1919.013195458328
2024-04-15 18:07:47,0.0,-0.41667,16,453.0,1951.0
2024-04-15 18:07:49,0.0,0.0,16,604.0,1951.0
2024-04-15 18:07:51,0.0,0.0,16,679.5,1951.0
2024-04-15 18:07:53,0.0,0.0,16,604.0,1951.0
2024-04-15 18:07:55,0.0,0.0,16,679.5,1951.0
2024-04-15 18:07:57,0.0,0.0,16,604.0,1951.0
2024-04-15 18:07:59,0.0,0.0,16,679.5,1951.0
2024-04-15 18:08:01,0.0,0.0,16,679.5,1951.0
2024-04-15 18:08:03,0.0,0.0,16,679.5,1951.0
2024-04-15 18:08:05,0.0,0.0,16,604.0,1951.0
2024-04-15 18:08:07,0.0,0.0,16,679.5,1951.0
2024-04-15 18:08:09,0.8333400000000001,0.41667,16,4677.28,3015.765753806486
2024-04-15 18:08:11,3.3333600000000003,1.25001,16,1283.16,13560.474129900507
2024-04-15 18:08:13,1.11112,-1.11112,16,-2115.4,-380.63520431179904
2024-04-15 18:08:15,0.0,-0.55556,16,1577.7409999999998,1951.0
2024-04-15 18:08:17,1.11112,0.55556,16,1660.56,3777.895740549472
2024-04-15 18:08:19,0.0,-0.55556,16,1577.7409999999998,1951.0
2024-04-15 18:08:21,0.8333400000000001,0.41667,16,1736.0399999999995,3015.765753806486
2024-04-15 18:08:23,0.0,-0.41667,16,1132.35,1951.0
2024-04-15 18:08:25,0.0,0.0,16,1283.33,1951.0
2024-04-15 18:08:27,0.0,0.0,16,906.0,1951.0
2024-04-15 18:08:29,0.55556,0.27778,16,1811.52,2457.281840413861
2024-04-15 18:08:31,0.0,-0.27778,16,1887.0,1951.0
2024-04-15 18:08:33,0.0,0.0,16,905.88,1951.0
2024-04-15 18:08:35,0.0,0.0,16,1434.31,1951.0
2024-04-15 18:08:37,0.0,0.0,16,1577.7409999999998,1951.0
2024-04-15 18:08:39,0.0,0.0,16,981.37,1951.0
2024-04-15 18:08:41,0.0,0.0,16,1056.86,1951.0
2024-04-15 18:08:43,0.0,0.0,16,755.0,1951.0
2024-04-15 18:08:45,0.0,0.0,16,1057.0,1951.0
2024-04-15 18:08:47,0.0,0.0,16,830.5000000000001,1951.0
2024-04-15 18:08:49,0.0,0.0,16,1358.82,1951.0
2024-04-15 18:08:51,0.0,0.0,16,1132.35,1951.0
2024-04-15 18:08:53,0.0,0.0,16,1358.82,1951.0
2024-04-15 18:08:55,0.0,0.0,16,604.0,1951.0
2024-04-15 18:08:57,0.0,0.0,16,755.0,1951.0
2024-04-15 18:08:59,0.0,0.0,16,528.5,1951.0
2024-04-15 18:09:01,0.0,0.0,16,604.0,1951.0
2024-04-15 18:09:03,1.11112,0.55556,16,1736.0399999999995,3777.895740549472
2024-04-15 18:09:05,0.27778,-0.41667,16,1283.33,1777.466816595962
2024-04-15 18:09:07,0.0,-0.13889,16,679.5,1951.0
2024-04-15 18:09:09,0.0,0.0,16,679.5,1951.0
2024-04-15 18:09:58,0.0,0.0,16,453.12,1951.0
2024-04-15 18:10:00,0.0,0.0,16,377.6,1951.0
2024-04-15 18:10:02,0.0,0.0,16,906.12,1951.0
2024-04-15 18:10:04,0.0,0.0,16,1132.5,1951.0
2024-04-15 18:10:06,0.0,0.0,16,1887.25,1951.0
2024-04-15 18:10:08,0.0,0.0,16,1660.78,1951.0
2024-04-15 18:10:10,0.0,0.0,16,1811.76,1951.0
2024-04-15 18:10:12,0.0,0.0,16,1811.76,1951.0
2024-04-15 18:10:14,0.0,0.0,16,1962.74,1951.0
2024-04-15 18:10:16,0.0,0.0,16,1577.7409999999998,1951.0
2024-04-15 18:10:18,0.0,0.0,16,1811.76,1951.0
2024-04-15 18:10:20,0.0,0.0,16,1887.0,1951.0
2024-04-15 18:10:22,0.0,0.0,16,453.06,1951.0
2024-04-15 18:10:24,0.0,0.0,16,377.55,1951.0
2024-04-15 18:10:26,0.0,0.0,16,981.5,1951.0
2024-04-15 18:10:28,0.0,0.0,16,1660.78,1951.0
2024-04-15 18:10:30,0.0,0.0,16,453.06,1951.0
2024-04-15 18:10:32,0.0,0.0,16,453.06,1951.0
