time,speed,acceleration,ext_temp,chrg_cable_conn,pack_volt,pack_current,Power_data
2023-04-04 06:53:07,0.0,0.0,18,0,777.3,0.8,621.84
2023-04-04 06:53:09,1.11112,0.55556,18,0,777.1,2.3,1787.33
2023-04-04 06:53:11,1.6666800000000002,0.27778,18,0,777.1,2.4,1865.04
2023-04-04 06:53:13,2.7778,0.5555599999999999,18,0,776.7,5.3,4116.51
2023-04-04 06:53:15,3.61114,0.4166700000000001,18,0,777.1,1.9,1476.49
2023-04-04 06:53:17,3.61114,0.0,18,0,777.0,2.0,1554.0
2023-04-04 06:53:19,3.3333600000000003,-0.1388899999999999,18,0,777.2,0.8,621.7600000000001
2023-04-04 06:53:21,3.0555800000000004,-0.1388899999999999,18,0,777.1,1.4,1087.94
2023-04-04 06:53:23,2.7778,-0.1388900000000001,18,0,777.1,1.6,1243.36
2023-04-04 06:53:25,3.0555800000000004,0.1388900000000001,18,0,777.1,1.6,1243.36
2023-04-04 06:53:27,3.3333600000000003,0.1388899999999999,18,0,775.4,16.6,12871.64
2023-04-04 06:53:29,4.1667000000000005,0.4166700000000001,18,0,774.7,21.0,16268.7
2023-04-04 06:53:31,3.3333600000000003,-0.4166700000000001,18,0,775.5,12.9,10003.95
2023-04-04 06:53:33,2.22224,-0.55556,17,0,775.6,11.6,8996.96
2023-04-04 06:53:35,1.6666800000000002,-0.27778,17,0,776.4,4.19,3253.116
2023-04-04 06:53:37,1.9444600000000003,0.13889,17,0,776.5,3.1,2407.15
2023-04-04 06:53:39,2.7778,0.4166699999999999,17,0,776.2,6.8,5278.16
2023-04-04 06:53:41,3.8889200000000006,0.5555600000000003,17,0,776.5,3.4,2640.1
2023-04-04 06:53:43,3.8889200000000006,0.0,17,0,776.8,0.6,466.0799999999999
2023-04-04 06:53:45,3.8889200000000006,0.0,17,0,776.8,0.9,699.12
2023-04-04 06:53:47,3.3333600000000003,-0.2777800000000001,17,0,777.0,0.0,0.0
2023-04-04 06:53:49,3.3333600000000003,0.0,17,0,776.8,1.5,1165.1999999999998
2023-04-04 06:53:51,4.1667000000000005,0.4166700000000001,17,0,776.2,7.1,5511.02
2023-04-04 06:53:53,4.44448,0.1388899999999999,16,0,776.7,2.09,1623.303
2023-04-04 06:53:55,4.44448,0.0,16,0,776.8,1.5,1165.1999999999998
2023-04-04 06:53:57,3.61114,-0.4166700000000001,16,0,776.9,1.0,776.9
2023-04-04 06:53:59,3.3333600000000003,-0.1388899999999999,16,0,776.8,1.3,1009.84
2023-04-04 06:54:01,4.44448,0.55556,16,0,776.0,9.39,7286.64
2023-04-04 06:54:03,6.388940000000001,0.97223,16,0,775.1,15.7,12169.07
2023-04-04 06:54:05,7.50006,0.5555599999999998,16,0,775.5,11.0,8530.5
2023-04-04 06:54:07,7.777840000000001,0.1388900000000004,16,0,776.1,5.5,4268.55
2023-04-04 06:54:09,7.777840000000001,0.0,16,0,776.3,4.0,3105.2
2023-04-04 06:54:11,7.50006,-0.1388900000000004,16,0,776.5,2.09,1622.885
2023-04-04 06:54:13,7.22228,-0.1388899999999999,16,0,776.2,5.4,4191.4800000000005
2023-04-04 06:54:15,6.944500000000001,-0.1388899999999999,16,0,776.7,1.0,776.7
2023-04-04 06:54:17,6.666720000000001,-0.1388899999999999,15,0,776.2,5.5,4269.1
2023-04-04 06:54:19,6.666720000000001,0.0,15,0,776.3,4.69,3640.847
2023-04-04 06:54:21,6.666720000000001,0.0,15,0,776.8,0.5,388.4
2023-04-04 06:54:23,6.388940000000001,-0.1388899999999999,15,0,776.8,0.7,543.7599999999999
2023-04-04 06:54:25,5.27782,-0.5555600000000003,15,0,777.4,-3.7,-2876.38
2023-04-04 06:54:27,3.61114,-0.83334,15,0,776.9,0.0,0.0
2023-04-04 06:54:29,2.7778,-0.4166700000000001,15,0,776.9,0.6,466.14
2023-04-04 06:54:31,2.22224,-0.2777799999999999,15,0,776.8,1.1,854.48
2023-04-04 06:54:33,2.22224,0.0,15,0,776.8,1.7,1320.56
2023-04-04 06:54:35,3.8889200000000006,0.8333400000000002,15,0,775.4,13.9,10778.06
2023-04-04 06:54:37,6.111160000000001,1.11112,15,0,774.7,19.4,15029.18
2023-04-04 06:54:39,7.22228,0.5555599999999998,15,0,774.9,16.1,12475.89
2023-04-04 06:54:41,7.777840000000001,0.2777800000000003,15,0,775.2,12.4,9612.48
2023-04-04 06:54:43,7.50006,-0.1388900000000004,15,0,775.8,7.2,5585.76
2023-04-04 06:54:45,7.22228,-0.1388899999999999,15,0,776.0,6.2,4811.2
2023-04-04 06:54:47,7.22228,0.0,15,0,775.7,8.5,6593.450000000001
2023-04-04 06:54:49,6.666720000000001,-0.2777799999999999,15,0,776.6,0.0,0.0
2023-04-04 06:54:51,6.388940000000001,-0.1388899999999999,15,0,776.4,2.09,1622.676
2023-04-04 06:54:53,6.388940000000001,0.0,15,0,776.5,1.8,1397.7
2023-04-04 06:54:55,6.388940000000001,0.0,14,0,776.4,1.3,1009.32
2023-04-04 06:54:57,6.388940000000001,0.0,14,0,776.5,1.2,931.8
2023-04-04 06:54:59,5.833380000000001,-0.2777799999999999,14,0,776.8,-1.3,-1009.84
2023-04-04 06:55:01,5.27782,-0.2777800000000003,14,0,776.9,-0.6,-466.14
2023-04-04 06:55:03,4.44448,-0.4166699999999999,14,0,776.8,-1.0,-776.8
2023-04-04 06:55:05,3.8889200000000006,-0.2777799999999999,14,0,776.8,1.2,932.16
2023-04-04 06:55:07,3.3333600000000003,-0.2777800000000001,14,0,776.8,1.8,1398.24
2023-04-04 06:55:09,1.6666800000000002,-0.8333400000000001,14,0,777.1,-0.2,-155.42000000000002
2023-04-04 06:55:11,0.0,-0.8333400000000001,14,0,776.7,2.3,1786.41
2023-04-04 06:55:13,0.0,0.0,14,0,776.7,3.6,2796.1200000000003
2023-04-04 06:55:15,0.0,0.0,14,0,775.2,3.5,2713.2000000000003
2023-04-04 06:55:17,0.0,0.0,14,0,776.7,0.5,388.35
2023-04-04 06:55:19,0.0,0.0,14,0,776.7,0.3,233.01
2023-04-04 06:55:21,0.0,0.0,14,0,776.7,1.8,1398.0600000000002
2023-04-04 06:55:23,0.0,0.0,14,0,776.7,2.9,2252.43
2023-04-04 06:55:25,3.61114,1.80557,14,0,774.9,19.1,14800.59
2023-04-04 06:55:27,6.944500000000001,1.6666800000000002,14,0,772.9,25.4,19631.66
2023-04-04 06:55:29,8.055620000000001,0.5555600000000003,14,0,774.6,18.6,14407.56
2023-04-04 06:55:31,8.611180000000001,0.2777799999999999,14,0,775.2,13.0,10077.6
2023-04-04 06:55:33,9.16674,0.2777799999999999,14,0,774.8,14.8,11467.04
2023-04-04 06:55:35,9.16674,0.0,14,0,775.4,7.6,5893.04
2023-04-04 06:55:37,8.611180000000001,-0.2777799999999999,14,0,776.7,-3.1,-2407.7700000000004
2023-04-04 06:55:39,8.611180000000001,0.0,14,0,775.4,11.4,8839.56
2023-04-04 06:55:41,8.333400000000001,-0.1388899999999999,14,0,777.0,-1.9,-1476.3
2023-04-04 06:55:43,6.944500000000001,-0.6944500000000002,14,0,775.5,-2.3,-1783.65
2023-04-04 06:55:45,5.833380000000001,-0.5555599999999998,14,0,775.3,0.1,77.53
2023-04-04 06:55:47,3.61114,-1.1111200000000003,14,0,777.4,-7.8,-6063.719999999999
2023-04-04 06:55:49,0.0,-1.80557,14,0,776.7,1.1,854.3700000000001
2023-04-04 06:55:51,0.0,0.0,14,0,776.5,1.9,1475.35
2023-04-04 06:55:53,0.0,0.0,14,0,776.5,0.9,698.85
2023-04-04 06:55:55,0.0,0.0,14,0,776.5,4.69,3641.785
2023-04-04 06:55:57,0.0,0.0,14,0,776.5,3.1,2407.15
2023-04-04 06:55:59,1.6666800000000002,0.8333400000000001,14,0,775.9,8.8,6827.92
2023-04-04 06:56:01,4.72226,1.52779,14,0,774.6,18.1,14020.260000000002
2023-04-04 06:56:03,6.111160000000001,0.6944500000000002,14,0,774.9,16.0,12398.4
2023-04-04 06:56:05,6.388940000000001,0.1388899999999999,14,0,773.9,11.5,8899.85
2023-04-04 06:56:07,5.833380000000001,-0.2777799999999999,14,0,776.4,0.1,77.64
2023-04-04 06:56:09,5.833380000000001,0.0,14,0,774.9,13.3,10306.17
2023-04-04 06:56:11,7.777840000000001,0.97223,14,0,773.6,24.5,18953.2
2023-04-04 06:56:13,8.611180000000001,0.4166699999999999,14,0,775.3,6.9,5349.57
2023-04-04 06:56:15,7.777840000000001,-0.4166699999999999,14,0,777.1,-7.5,-5828.25
2023-04-04 06:56:17,7.22228,-0.2777800000000003,14,0,776.9,-2.3,-1786.87
2023-04-04 06:56:19,6.666720000000001,-0.2777799999999999,14,0,776.8,-1.9,-1475.9199999999998
2023-04-04 06:56:21,6.388940000000001,-0.1388899999999999,14,0,776.9,-1.2,-932.28
2023-04-04 06:56:23,4.1667000000000005,-1.11112,14,0,777.6,-7.5,-5832.0
2023-04-04 06:56:25,0.0,-2.0833500000000003,14,0,776.5,4.4,3416.6000000000004
2023-04-04 06:56:27,0.0,0.0,14,0,776.4,2.7,2096.28
2023-04-04 06:56:29,0.0,0.0,14,0,776.5,0.6,465.9
2023-04-04 06:56:31,0.0,0.0,14,0,774.5,4.69,3632.405
2023-04-04 06:56:33,0.0,0.0,14,0,776.4,0.5,388.2
2023-04-04 06:56:35,0.0,0.0,14,0,776.4,0.5,388.2
2023-04-04 06:56:37,0.0,0.0,14,0,776.4,2.5,1941.0
2023-04-04 06:56:39,0.0,0.0,14,0,776.4,5.6,4347.839999999999
2023-04-04 06:56:41,0.0,0.0,14,0,774.5,5.1,3949.95
2023-04-04 06:56:43,0.0,0.0,14,0,776.4,5.7,4425.48
2023-04-04 06:56:45,0.0,0.0,14,0,775.5,5.4,4187.700000000001
2023-04-04 06:56:47,0.0,0.0,14,0,776.4,2.6,2018.64
2023-04-04 06:56:49,0.0,0.0,14,0,776.4,0.9,698.76
2023-04-04 06:56:51,0.0,0.0,14,0,776.4,0.8,621.12
2023-04-04 06:56:53,0.0,0.0,14,0,776.4,0.9,698.76
2023-04-04 06:56:55,0.0,0.0,14,0,776.4,3.6,2795.04
2023-04-04 06:56:57,0.0,0.0,14,0,774.8,3.9,3021.72
2023-04-04 06:56:59,0.0,0.0,14,0,776.4,3.2,2484.48
2023-04-04 06:57:01,0.0,0.0,14,0,776.4,3.1,2406.84
2023-04-04 06:57:03,0.0,0.0,14,0,776.3,3.2,2484.16
2023-04-04 06:57:05,0.0,0.0,14,0,776.3,2.2,1707.86
2023-04-04 06:57:07,0.0,0.0,14,0,776.3,0.8,621.04
2023-04-04 06:57:09,0.0,0.0,14,0,776.3,3.0,2328.9
2023-04-04 06:57:11,0.0,0.0,14,0,776.3,5.3,4114.389999999999
2023-04-04 06:57:13,0.0,0.0,14,0,775.4,5.1,3954.54
2023-04-04 06:57:15,0.0,0.0,14,0,776.3,2.09,1622.467
2023-04-04 06:57:17,0.0,0.0,14,0,776.3,5.0,3881.5
2023-04-04 06:57:19,0.0,0.0,14,0,775.0,5.1,3952.5
2023-04-04 06:57:21,0.0,0.0,14,0,776.3,3.2,2484.16
2023-04-04 06:57:23,0.0,0.0,14,0,776.3,0.9,698.67
2023-04-04 06:57:25,0.0,0.0,14,0,776.3,4.5,3493.35
2023-04-04 06:57:27,0.0,0.0,14,0,776.3,0.9,698.67
2023-04-04 06:57:29,0.0,0.0,14,0,776.3,0.9,698.67
2023-04-04 06:57:31,0.0,0.0,14,0,776.3,3.0,2328.9
2023-04-04 06:57:33,0.0,0.0,14,0,776.4,2.5,1941.0
2023-04-04 06:57:35,0.0,0.0,14,0,774.9,2.6,2014.74
2023-04-04 06:57:37,0.0,0.0,14,0,776.3,0.6,465.78
2023-04-04 06:57:39,0.0,0.0,14,0,776.4,0.5,388.2
2023-04-04 06:57:41,0.0,0.0,14,0,776.4,0.6,465.84
2023-04-04 06:57:43,0.0,0.0,14,0,776.4,2.4,1863.36
2023-04-04 06:57:45,0.0,0.0,14,0,776.4,0.6,465.84
2023-04-04 06:57:47,0.0,0.0,14,0,776.4,2.2,1708.0800000000002
2023-04-04 06:57:49,0.0,0.0,14,0,776.4,3.7,2872.68
2023-04-04 06:57:51,0.0,0.0,14,0,776.4,3.0,2329.2
2023-04-04 06:57:53,0.0,0.0,14,0,776.3,1.3,1009.19
2023-04-04 06:57:55,1.6666800000000002,0.8333400000000001,14,0,775.7,7.1,5507.47
2023-04-04 06:57:57,4.72226,1.52779,14,0,774.7,15.1,11697.97
2023-04-04 06:57:59,5.27782,0.2777799999999999,14,0,775.5,10.4,8065.200000000001
2023-04-04 06:58:01,5.27782,0.0,14,0,775.9,3.2,2482.88
2023-04-04 06:58:03,5.27782,0.0,14,0,776.5,-0.5,-388.25
2023-04-04 06:58:05,2.22224,-1.52779,14,0,777.2,-5.7,-4430.04
2023-04-04 06:58:07,0.0,-1.11112,14,0,776.3,2.3,1785.4899999999998
2023-04-04 06:58:09,0.0,0.0,14,0,776.3,2.2,1707.86
2023-04-04 06:58:11,0.0,0.0,14,0,776.3,0.9,698.67
2023-04-04 06:58:13,0.0,0.0,14,0,776.3,0.9,698.67
2023-04-04 06:58:15,0.0,0.0,14,0,776.3,2.0,1552.6
2023-04-04 06:58:17,0.0,0.0,14,0,776.3,0.8,621.04
2023-04-04 06:58:19,0.0,0.0,14,0,776.3,0.8,621.04
2023-04-04 06:58:21,0.0,0.0,14,0,776.3,2.0,1552.6
2023-04-04 06:58:23,0.0,0.0,14,0,776.3,2.8,2173.64
2023-04-04 06:58:25,0.0,0.0,14,0,775.2,2.9,2248.08
2023-04-04 06:58:27,0.0,0.0,14,0,776.3,0.8,621.04
2023-04-04 06:58:29,2.50002,1.25001,14,0,774.6,18.9,14639.94
2023-04-04 06:58:31,7.22228,2.36113,14,0,772.6,32.8,25341.28
2023-04-04 06:58:33,9.7223,1.25001,14,0,772.3,34.2,26412.66
2023-04-04 06:58:35,11.388980000000002,0.8333400000000006,14,0,773.2,24.1,18634.120000000003
2023-04-04 06:58:37,12.77788,0.6944499999999998,14,0,772.9,24.8,19167.92
2023-04-04 06:58:39,14.16678,0.6944499999999998,14,0,772.6,26.5,20473.9
2023-04-04 06:58:41,14.44456,0.1388899999999999,14,0,777.6,-16.9,-13141.44
2023-04-04 06:58:43,13.33344,-0.5555599999999998,14,0,777.3,-12.1,-9405.33
2023-04-04 06:58:45,11.666760000000002,-0.8333399999999997,14,0,778.1,-19.79,-15398.599
2023-04-04 06:58:47,8.055620000000001,-1.8055700000000003,14,0,780.3,-33.0,-25749.9
2023-04-04 06:58:49,6.944500000000001,-0.5555600000000003,14,0,776.6,-2.6,-2019.16
2023-04-04 06:58:51,7.777840000000001,0.4166700000000003,14,0,775.0,1.9,1472.5
2023-04-04 06:58:53,6.666720000000001,-0.5555600000000003,14,0,776.9,-5.6,-4350.639999999999
2023-04-04 06:58:55,8.611180000000001,0.97223,14,0,773.1,29.7,22961.07
2023-04-04 06:58:57,10.83342,1.1111199999999997,14,0,773.0,26.0,20098.0
2023-04-04 06:58:59,11.666760000000002,0.4166700000000007,14,0,774.6,10.1,7823.46
2023-04-04 06:59:01,12.222320000000002,0.2777799999999999,14,0,773.9,16.2,12537.179999999998
2023-04-04 06:59:03,11.1112,-0.5555600000000007,14,0,777.1,-11.9,-9247.49
2023-04-04 06:59:05,8.611180000000001,-1.2500099999999996,14,0,779.4,-31.8,-24784.92
2023-04-04 06:59:07,4.72226,-1.9444600000000003,14,0,778.5,-18.29,-14238.765
2023-04-04 06:59:09,1.11112,-1.80557,13,0,776.7,-2.3,-1786.41
2023-04-04 06:59:11,0.0,-0.55556,13,0,776.1,1.5,1164.15
2023-04-04 06:59:13,0.0,0.0,13,0,776.2,0.5,388.1
2023-04-04 06:59:15,0.0,0.0,13,0,776.2,0.6,465.72
2023-04-04 06:59:17,0.0,0.0,13,0,776.2,0.6,465.72
2023-04-04 06:59:19,0.0,0.0,13,0,776.2,0.9,698.58
2023-04-04 06:59:21,0.0,0.0,13,0,776.1,1.7,1319.37
2023-04-04 06:59:23,0.0,0.0,13,0,776.1,1.1,853.7100000000002
2023-04-04 06:59:25,0.0,0.0,13,0,776.1,1.1,853.7100000000002
2023-04-04 06:59:27,0.0,0.0,13,0,776.1,1.2,931.32
2023-04-04 06:59:29,0.0,0.0,13,0,776.1,1.1,853.7100000000002
2023-04-04 06:59:31,0.0,0.0,13,0,776.1,1.2,931.32
2023-04-04 06:59:33,0.0,0.0,13,0,776.1,1.2,931.32
2023-04-04 06:59:35,0.0,0.0,13,0,776.1,1.3,1008.93
2023-04-04 06:59:37,0.0,0.0,13,0,776.2,1.2,931.44
2023-04-04 06:59:39,0.0,0.0,13,0,776.1,1.3,1008.93
2023-04-04 06:59:41,0.0,0.0,13,0,776.1,1.2,931.32
2023-04-04 06:59:43,0.0,0.0,13,0,776.1,1.3,1008.93
2023-04-04 06:59:45,0.0,0.0,13,0,776.2,1.3,1009.06
2023-04-04 06:59:47,0.0,0.0,13,0,776.1,1.3,1008.93
2023-04-04 06:59:49,0.0,0.0,13,0,776.1,1.3,1008.93
2023-04-04 06:59:51,0.0,0.0,13,0,776.1,1.4,1086.54
2023-04-04 06:59:53,0.0,0.0,13,0,776.1,1.3,1008.93
2023-04-04 06:59:55,0.0,0.0,13,0,776.1,1.4,1086.54
2023-04-04 06:59:57,0.0,0.0,13,0,776.1,1.3,1008.93
2023-04-04 06:59:59,0.0,0.0,13,0,776.1,1.4,1086.54
2023-04-04 07:00:01,0.0,0.0,13,0,776.1,1.4,1086.54
2023-04-04 07:00:03,0.0,0.0,13,0,776.1,1.4,1086.54
2023-04-04 07:00:05,0.0,0.0,13,0,776.1,1.4,1086.54
2023-04-04 07:00:07,0.0,0.0,13,0,776.1,1.4,1086.54
2023-04-04 07:00:09,0.0,0.0,13,0,776.1,1.4,1086.54
2023-04-04 07:00:11,0.0,0.0,13,0,776.1,1.4,1086.54
2023-04-04 07:00:13,0.0,0.0,13,0,776.1,1.4,1086.54
2023-04-04 07:00:15,0.0,0.0,13,0,776.1,1.4,1086.54
2023-04-04 07:00:17,0.0,0.0,13,0,776.1,1.4,1086.54
2023-04-04 07:00:19,0.0,0.0,13,0,776.1,1.5,1164.15
2023-04-04 07:00:21,0.0,0.0,13,0,776.1,1.4,1086.54
2023-04-04 07:00:23,0.0,0.0,13,0,776.1,1.5,1164.15
2023-04-04 07:00:25,0.0,0.0,13,0,776.1,1.4,1086.54
2023-04-04 07:00:27,0.0,0.0,13,0,776.1,1.5,1164.15
2023-04-04 07:00:29,0.0,0.0,13,0,776.1,1.4,1086.54
2023-04-04 07:00:31,0.0,0.0,13,0,776.1,1.5,1164.15
2023-04-04 07:00:33,0.0,0.0,13,0,775.7,6.2,4809.34
2023-04-04 07:00:35,4.44448,2.22224,13,0,774.3,16.9,13085.669999999998
2023-04-04 07:00:37,6.388940000000001,0.97223,13,0,774.0,18.7,14473.8
2023-04-04 07:00:39,7.22228,0.4166699999999999,13,0,774.7,12.4,9606.28
2023-04-04 07:00:41,8.333400000000001,0.5555600000000003,13,0,774.1,15.9,12308.19
2023-04-04 07:00:43,8.88896,0.2777799999999999,13,0,774.8,8.3,6430.84
2023-04-04 07:00:45,9.44452,0.2777799999999999,13,0,774.6,11.2,8675.52
2023-04-04 07:00:47,9.44452,0.0,13,0,775.2,3.6,2790.7200000000003
2023-04-04 07:00:49,9.7223,0.1388899999999999,13,0,774.7,10.2,7901.94
2023-04-04 07:00:51,9.7223,0.0,13,0,775.7,-0.2,-155.14
2023-04-04 07:00:53,9.7223,0.0,13,0,776.1,-0.7,-543.27
2023-04-04 07:00:55,10.00008,0.1388899999999999,13,0,775.8,0.9,698.22
2023-04-04 07:00:57,9.7223,-0.1388899999999999,13,0,776.5,-5.5,-4270.75
2023-04-04 07:00:59,8.333400000000001,-0.6944499999999998,13,0,778.2,-20.9,-16264.38
2023-04-04 07:01:01,6.388940000000001,-0.97223,13,0,777.9,-14.0,-10890.6
2023-04-04 07:01:03,2.7778,-1.8055700000000003,13,0,778.0,-13.8,-10736.4
2023-04-04 07:01:05,0.0,-1.3889,13,0,776.3,1.6,1242.08
2023-04-04 07:01:07,0.0,0.0,13,0,776.2,1.7,1319.54
2023-04-04 07:01:09,0.0,0.0,13,0,776.1,1.7,1319.37
2023-04-04 07:01:11,0.0,0.0,13,0,776.1,1.8,1396.98
2023-04-04 07:01:13,0.0,0.0,13,0,776.1,1.7,1319.37
2023-04-04 07:01:15,0.0,0.0,13,0,776.1,1.8,1396.98
2023-04-04 07:01:17,0.8333400000000001,0.41667,13,0,775.3,9.8,7597.94
2023-04-04 07:01:19,4.44448,1.80557,13,0,774.7,13.2,10226.04
2023-04-04 07:01:21,6.388940000000001,0.97223,13,0,774.8,11.0,8522.8
2023-04-04 07:01:23,7.50006,0.5555599999999998,13,0,774.9,11.2,8678.88
2023-04-04 07:01:25,8.333400000000001,0.4166700000000003,13,0,775.6,3.1,2404.36
2023-04-04 07:01:27,8.88896,0.2777799999999999,13,0,774.6,12.0,9295.2
2023-04-04 07:01:29,9.16674,0.1388899999999999,13,0,774.9,8.0,6199.2
2023-04-04 07:01:31,9.44452,0.1388899999999999,13,0,774.9,8.8,6819.120000000001
2023-04-04 07:01:33,9.7223,0.1388899999999999,13,0,775.4,3.7,2868.98
2023-04-04 07:01:35,10.55564,0.4166699999999999,13,0,773.9,16.5,12769.35
2023-04-04 07:01:37,10.83342,0.1388899999999999,13,0,774.2,10.7,8283.94
2023-04-04 07:01:39,10.27786,-0.2777799999999999,13,0,776.2,-4.19,-3252.2780000000007
2023-04-04 07:01:41,10.83342,0.2777799999999999,13,0,773.9,16.6,12846.740000000002
2023-04-04 07:01:43,11.388980000000002,0.2777800000000008,13,0,774.9,6.1,4726.889999999999
2023-04-04 07:01:45,10.27786,-0.5555600000000007,13,0,778.5,-26.1,-20318.85
2023-04-04 07:01:47,6.666720000000001,-1.80557,13,0,779.4,-30.1,-23459.94
2023-04-04 07:01:49,6.388940000000001,-0.1388899999999999,13,0,774.7,14.4,11155.68
2023-04-04 07:01:51,8.333400000000001,0.97223,13,0,772.1,35.2,27177.92
2023-04-04 07:01:53,11.1112,1.3888999999999996,13,0,771.1,40.59,31298.949000000004
2023-04-04 07:01:55,11.944540000000002,0.4166700000000007,13,0,772.3,27.8,21469.94
2023-04-04 07:01:57,12.222320000000002,0.1388899999999999,13,0,773.7,14.8,11450.760000000002
2023-04-04 07:01:59,11.388980000000002,-0.4166699999999999,13,0,776.6,-11.5,-8930.9
2023-04-04 07:02:01,10.27786,-0.5555600000000007,13,0,776.6,-9.1,-7067.06
2023-04-04 07:02:03,8.88896,-0.6944499999999998,13,0,776.2,-7.4,-5743.880000000001
2023-04-04 07:02:05,7.777840000000001,-0.5555599999999998,13,0,776.5,-6.2,-4814.3
2023-04-04 07:02:07,4.1667000000000005,-1.8055700000000003,13,0,777.8,-16.0,-12444.8
2023-04-04 07:02:09,1.3889,-1.3889000000000002,13,0,775.8,2.4,1861.92
2023-04-04 07:02:11,2.7778,0.69445,13,0,775.0,9.1,7052.5
2023-04-04 07:02:13,5.5556,1.3889,13,0,773.3,23.1,17863.23
2023-04-04 07:02:15,8.333400000000001,1.3889000000000005,13,0,771.9,33.9,26167.41
2023-04-04 07:02:17,9.7223,0.6944499999999998,13,0,773.5,16.7,12917.45
2023-04-04 07:02:19,10.00008,0.1388899999999999,13,0,775.2,1.5,1162.8000000000002
2023-04-04 07:02:21,10.27786,0.1388899999999999,13,0,773.7,15.3,11837.61
2023-04-04 07:02:23,9.44452,-0.4166699999999999,13,0,774.6,8.2,6351.719999999999
2023-04-04 07:02:25,10.00008,0.2777799999999999,13,0,774.0,11.4,8823.6
2023-04-04 07:02:27,10.00008,0.0,13,0,776.2,-8.7,-6752.94
2023-04-04 07:02:29,9.7223,-0.1388899999999999,13,0,775.1,4.3,3332.93
2023-04-04 07:02:31,9.7223,0.0,13,0,773.5,15.7,12143.95
2023-04-04 07:02:33,10.00008,0.1388899999999999,13,0,775.3,-0.8,-620.24
2023-04-04 07:02:35,10.00008,0.0,13,0,775.9,-1.2,-931.08
2023-04-04 07:02:37,10.00008,0.0,13,0,774.3,12.9,9988.47
2023-04-04 07:02:39,10.27786,0.1388899999999999,13,0,775.3,2.3,1783.1899999999998
2023-04-04 07:02:41,10.55564,0.1388899999999999,13,0,775.1,3.0,2325.3
2023-04-04 07:02:43,10.83342,0.1388899999999999,13,0,773.8,16.4,12690.319999999998
2023-04-04 07:02:45,10.55564,-0.1388899999999999,13,0,775.4,-4.3,-3334.22
2023-04-04 07:02:47,10.55564,0.0,13,0,774.4,6.7,5188.48
2023-04-04 07:02:49,10.83342,0.1388899999999999,13,0,775.1,2.0,1550.2
2023-04-04 07:02:51,11.388980000000002,0.2777800000000008,13,0,774.3,7.5,5807.25
2023-04-04 07:02:53,12.77788,0.6944499999999998,13,0,770.8,39.3,30292.439999999995
2023-04-04 07:02:55,13.05566,0.1388899999999999,13,0,776.3,-8.5,-6598.549999999999
2023-04-04 07:02:57,14.72234,0.8333399999999997,13,0,767.7,65.0,49900.5
2023-04-04 07:02:59,15.833460000000002,0.5555600000000007,13,0,771.4,26.9,20750.66
2023-04-04 07:03:01,15.00012,-0.4166700000000007,13,0,774.6,0.0,0.0
2023-04-04 07:03:03,13.05566,-0.9722299999999996,13,0,778.1,-25.6,-19919.36
2023-04-04 07:03:05,11.944540000000002,-0.5555599999999998,13,0,776.5,-11.8,-9162.7
2023-04-04 07:03:07,12.222320000000002,0.1388899999999999,13,0,773.5,14.9,11525.15
2023-04-04 07:03:09,13.05566,0.4166699999999999,13,0,773.6,12.2,9437.92
2023-04-04 07:03:11,13.05566,0.0,13,0,775.6,-3.1,-2404.36
2023-04-04 07:03:13,12.500100000000002,-0.2777799999999999,13,0,776.5,-12.8,-9939.2
2023-04-04 07:03:15,11.388980000000002,-0.5555599999999998,13,0,776.3,-8.6,-6676.179999999999
2023-04-04 07:03:17,10.27786,-0.5555600000000007,13,0,776.4,-5.4,-4192.56
2023-04-04 07:03:19,10.55564,0.1388899999999999,13,0,776.5,-11.6,-9007.4
2023-04-04 07:03:21,9.44452,-0.5555599999999998,13,0,776.4,-8.39,-6513.996
2023-04-04 07:03:23,7.22228,-1.11112,13,0,779.2,-33.59,-26173.328000000005
2023-04-04 07:03:25,6.666720000000001,-0.2777799999999999,13,0,775.6,2.0,1551.2
2023-04-04 07:03:27,4.44448,-1.11112,13,0,775.6,0.7,542.92
2023-04-04 07:03:29,6.388940000000001,0.97223,13,0,772.9,25.7,19863.53
2023-04-04 07:03:31,9.44452,1.52779,13,0,770.5,43.8,33747.899999999994
2023-04-04 07:03:33,12.222320000000002,1.3889000000000005,13,0,770.8,38.4,29598.72
2023-04-04 07:03:35,13.61122,0.6944499999999998,13,0,770.4,41.6,32048.64
2023-04-04 07:03:37,13.889,0.1388899999999999,13,0,772.0,22.2,17138.399999999998
2023-04-04 07:03:39,13.61122,-0.1388899999999999,13,0,774.3,3.0,2322.9
2023-04-04 07:03:41,14.72234,0.5555599999999998,13,0,769.4,48.8,37546.72
2023-04-04 07:03:43,13.33344,-0.6944499999999998,13,0,776.9,-20.8,-16159.52
2023-04-04 07:03:45,10.55564,-1.3889000000000005,13,0,779.5,-41.0,-31959.5
2023-04-04 07:03:47,8.333400000000001,-1.1111199999999997,13,0,776.7,-11.5,-8932.050000000001
2023-04-04 07:03:49,5.833380000000001,-1.25001,13,0,776.7,-11.0,-8543.7
2023-04-04 07:03:51,1.3889,-2.22224,13,0,776.4,-5.6,-4347.839999999999
2023-04-04 07:03:53,0.0,-0.69445,13,0,775.4,1.7,1318.1799999999998
2023-04-04 07:03:55,0.0,0.0,13,0,775.4,1.7,1318.1799999999998
2023-04-04 07:03:57,0.0,0.0,13,0,775.4,1.6,1240.64
2023-04-04 07:03:59,0.0,0.0,13,0,775.4,1.5,1163.1
2023-04-04 07:04:01,0.0,0.0,13,0,775.4,1.2,930.48
2023-04-04 07:04:03,0.0,0.0,13,0,775.4,1.3,1008.02
2023-04-04 07:04:05,0.0,0.0,13,0,775.4,1.3,1008.02
2023-04-04 07:04:07,0.0,0.0,13,0,775.4,1.4,1085.56
2023-04-04 07:04:09,0.0,0.0,13,0,775.4,1.4,1085.56
2023-04-04 07:04:11,0.0,0.0,13,0,775.4,1.4,1085.56
2023-04-04 07:04:13,0.0,0.0,13,0,775.4,1.4,1085.56
2023-04-04 07:04:15,0.0,0.0,13,0,775.4,1.4,1085.56
2023-04-04 07:04:17,0.0,0.0,13,0,775.4,1.4,1085.56
2023-04-04 07:04:19,0.0,0.0,13,0,775.4,1.4,1085.56
2023-04-04 07:04:21,0.0,0.0,13,0,775.4,1.4,1085.56
2023-04-04 07:04:23,0.0,0.0,13,0,775.4,1.4,1085.56
2023-04-04 07:04:25,0.0,0.0,13,0,775.4,1.4,1085.56
2023-04-04 07:04:27,0.0,0.0,13,0,775.4,1.4,1085.56
2023-04-04 07:04:29,0.0,0.0,13,0,775.4,1.4,1085.56
2023-04-04 07:04:31,3.61114,1.80557,13,0,774.1,13.9,10759.99
2023-04-04 07:04:33,6.944500000000001,1.6666800000000002,13,0,773.1,18.79,14526.549
2023-04-04 07:04:35,8.611180000000001,0.8333400000000002,13,0,773.0,18.79,14524.67
2023-04-04 07:04:37,9.44452,0.4166699999999999,13,0,773.1,17.5,13529.25
2023-04-04 07:04:39,10.55564,0.5555599999999998,13,0,772.1,25.3,19534.13
2023-04-04 07:04:41,10.83342,0.1388899999999999,13,0,774.0,7.8,6037.2
2023-04-04 07:04:43,11.388980000000002,0.2777800000000008,13,0,773.1,16.6,12833.46
2023-04-04 07:04:45,11.1112,-0.1388900000000008,13,0,776.3,-12.4,-9626.12
2023-04-04 07:04:47,10.55564,-0.2777799999999999,13,0,775.2,-2.09,-1620.168
2023-04-04 07:04:49,10.83342,0.1388899999999999,13,0,773.5,13.4,10364.9
2023-04-04 07:04:51,11.388980000000002,0.2777800000000008,13,0,772.2,24.7,19073.34
2023-04-04 07:04:53,11.388980000000002,0.0,13,0,775.0,-1.5,-1162.5
2023-04-04 07:04:55,10.00008,-0.6944500000000007,13,0,776.2,-11.4,-8848.68
2023-04-04 07:04:57,7.777840000000001,-1.1111199999999997,13,0,777.3,-17.4,-13525.02
2023-04-04 07:04:59,6.666720000000001,-0.5555600000000003,13,0,776.0,-6.0,-4656.0
2023-04-04 07:05:01,7.50006,0.4166699999999999,13,0,775.0,-1.2,-930.0
2023-04-04 07:05:03,6.388940000000001,-0.5555599999999998,13,0,775.7,-3.9,-3025.23
2023-04-04 07:05:05,5.00004,-0.6944500000000002,13,0,776.1,-6.8,-5277.48
2023-04-04 07:05:07,4.44448,-0.2777799999999999,13,0,775.3,0.0,0.0
2023-04-04 07:05:09,2.50002,-0.97223,13,0,775.8,-3.9,-3025.62
2023-04-04 07:05:11,0.0,-1.25001,13,0,775.2,1.6,1240.3200000000002
2023-04-04 07:05:13,0.0,0.0,13,0,775.2,1.5,1162.8000000000002
2023-04-04 07:05:15,0.0,0.0,13,0,775.2,1.5,1162.8000000000002
2023-04-04 07:05:17,0.0,0.0,13,0,775.2,1.5,1162.8000000000002
2023-04-04 07:05:19,0.0,0.0,13,0,775.2,1.3,1007.76
2023-04-04 07:05:21,0.0,0.0,13,0,775.2,1.3,1007.76
2023-04-04 07:05:23,0.0,0.0,13,0,775.2,1.4,1085.28
2023-04-04 07:05:25,0.0,0.0,13,0,775.2,1.4,1085.28
2023-04-04 07:05:27,0.0,0.0,13,0,775.2,1.4,1085.28
2023-04-04 07:05:29,0.0,0.0,13,0,775.2,1.5,1162.8000000000002
2023-04-04 07:05:31,0.0,0.0,13,0,775.2,1.4,1085.28
2023-04-04 07:05:33,0.0,0.0,13,0,775.2,1.5,1162.8000000000002
2023-04-04 07:05:35,0.0,0.0,13,0,775.2,1.5,1162.8000000000002
2023-04-04 07:05:37,0.0,0.0,13,0,775.2,1.5,1162.8000000000002
2023-04-04 07:05:39,0.0,0.0,13,0,775.2,1.5,1162.8000000000002
2023-04-04 07:05:41,0.0,0.0,13,0,775.2,1.5,1162.8000000000002
2023-04-04 07:05:43,0.0,0.0,13,0,775.2,1.4,1085.28
2023-04-04 07:05:45,0.0,0.0,13,0,775.2,1.5,1162.8000000000002
2023-04-04 07:05:47,0.0,0.0,13,0,775.2,1.5,1162.8000000000002
2023-04-04 07:05:49,0.0,0.0,13,0,775.2,1.4,1085.28
2023-04-04 07:05:51,0.0,0.0,13,0,775.2,1.4,1085.28
2023-04-04 07:05:53,0.0,0.0,13,0,775.2,1.4,1085.28
2023-04-04 07:05:55,0.0,0.0,13,0,775.2,1.4,1085.28
2023-04-04 07:05:57,0.0,0.0,13,0,775.2,1.5,1162.8000000000002
2023-04-04 07:05:59,0.0,0.0,13,0,775.2,1.4,1085.28
2023-04-04 07:06:01,0.0,0.0,13,0,775.2,1.5,1162.8000000000002
2023-04-04 07:06:03,0.0,0.0,13,0,775.2,1.5,1162.8000000000002
2023-04-04 07:06:05,0.0,0.0,13,0,775.2,1.4,1085.28
2023-04-04 07:06:07,0.0,0.0,13,0,775.2,1.5,1162.8000000000002
2023-04-04 07:06:09,0.0,0.0,13,0,775.2,1.4,1085.28
2023-04-04 07:06:11,0.0,0.0,13,0,775.2,1.4,1085.28
2023-04-04 07:06:13,0.0,0.0,13,0,775.2,1.5,1162.8000000000002
2023-04-04 07:06:15,0.0,0.0,13,0,775.2,1.5,1162.8000000000002
2023-04-04 07:06:17,0.0,0.0,13,0,775.3,1.4,1085.4199999999998
2023-04-04 07:06:19,0.0,0.0,13,0,775.2,1.5,1162.8000000000002
2023-04-04 07:06:21,0.0,0.0,13,0,775.2,1.4,1085.28
2023-04-04 07:06:23,0.0,0.0,13,0,775.2,1.4,1085.28
2023-04-04 07:06:25,0.0,0.0,13,0,775.2,1.5,1162.8000000000002
2023-04-04 07:06:27,0.0,0.0,13,0,775.3,0.5,387.65
2023-04-04 07:06:29,0.0,0.0,13,0,775.4,0.5,387.7
2023-04-04 07:06:31,0.0,0.0,13,0,775.4,0.5,387.7
2023-04-04 07:06:33,0.0,0.0,13,0,775.4,0.5,387.7
2023-04-04 07:06:35,0.0,0.0,13,0,775.4,0.4,310.16
2023-04-04 07:06:37,0.0,0.0,13,0,775.4,0.5,387.7
2023-04-04 07:06:39,0.0,0.0,13,0,775.4,0.5,387.7
2023-04-04 07:06:41,0.0,0.0,13,0,775.4,0.5,387.7
2023-04-04 07:06:43,0.0,0.0,13,0,775.4,0.5,387.7
2023-04-04 07:06:45,0.0,0.0,13,0,775.4,0.5,387.7
2023-04-04 07:06:47,0.0,0.0,13,0,775.4,0.5,387.7
2023-04-04 07:06:49,0.0,0.0,13,0,775.4,0.8,620.32
2023-04-04 07:06:51,0.0,0.0,13,0,775.3,1.0,775.3
2023-04-04 07:06:53,0.0,0.0,13,0,775.3,1.1,852.83
2023-04-04 07:06:55,0.0,0.0,13,0,775.3,1.3,1007.89
2023-04-04 07:06:57,0.0,0.0,13,0,775.3,1.3,1007.89
2023-04-04 07:06:59,0.0,0.0,13,0,775.3,1.3,1007.89
2023-04-04 07:07:01,0.0,0.0,13,0,775.3,1.3,1007.89
2023-04-04 07:07:03,0.0,0.0,13,0,775.3,1.8,1395.54
2023-04-04 07:07:05,1.9444600000000003,0.97223,13,0,774.6,7.4,5732.040000000001
2023-04-04 07:07:07,2.7778,0.4166699999999999,13,0,775.2,1.2,930.24
2023-04-04 07:07:09,3.0555800000000004,0.1388900000000001,13,0,774.5,8.8,6815.6
2023-04-04 07:07:11,4.72226,0.83334,13,0,773.8,14.4,11142.72
2023-04-04 07:07:13,7.22228,1.25001,13,0,773.0,19.2,14841.6
2023-04-04 07:07:15,8.88896,0.8333400000000002,13,0,772.8,19.5,15069.6
2023-04-04 07:07:17,8.333400000000001,-0.2777799999999999,13,0,775.8,-7.8,-6051.24
2023-04-04 07:07:19,8.333400000000001,0.0,13,0,774.6,3.3,2556.18
2023-04-04 07:07:21,9.16674,0.4166699999999999,13,0,771.8,29.0,22382.2
2023-04-04 07:07:23,11.388980000000002,1.1111200000000006,13,0,770.3,41.4,31890.42
2023-04-04 07:07:25,13.05566,0.8333399999999997,13,0,773.7,4.0,3094.8
2023-04-04 07:07:27,14.72234,0.8333399999999997,13,0,774.3,2.09,1618.2869999999998
2023-04-04 07:07:29,15.555680000000002,0.4166700000000007,13,0,775.0,-4.5,-3487.5
2023-04-04 07:07:31,16.666800000000002,0.5555599999999998,13,0,772.6,17.9,13829.54
2023-04-04 07:07:33,16.944580000000002,0.1388899999999999,13,0,770.9,33.2,25593.88
2023-04-04 07:07:35,16.944580000000002,0.0,13,0,768.8,45.8,35211.03999999999
2023-04-04 07:07:37,16.944580000000002,0.0,13,0,771.7,18.2,14044.94
2023-04-04 07:07:39,15.00012,-0.9722300000000006,13,0,776.1,-17.4,-13504.14
2023-04-04 07:07:41,13.61122,-0.6944499999999998,13,0,774.8,-1.9,-1472.12
2023-04-04 07:07:43,10.83342,-1.3889000000000005,13,0,780.7,-54.5,-42548.15
2023-04-04 07:07:45,7.50006,-1.66668,13,0,777.7,-22.5,-17498.25
2023-04-04 07:07:47,5.833380000000001,-0.8333399999999997,13,0,776.5,-11.2,-8696.8
2023-04-04 07:07:49,5.27782,-0.2777800000000003,13,0,774.1,9.6,7431.36
2023-04-04 07:07:51,7.50006,1.11112,13,0,772.9,17.29,13363.441
2023-04-04 07:07:53,8.055620000000001,0.2777800000000003,13,0,773.1,16.4,12678.84
2023-04-04 07:07:55,9.44452,0.6944499999999998,13,0,771.6,28.3,21836.28
2023-04-04 07:07:57,10.55564,0.5555599999999998,13,0,770.8,33.3,25667.64
2023-04-04 07:07:59,11.1112,0.2777799999999999,13,0,772.1,18.7,14438.27
2023-04-04 07:08:01,10.83342,-0.1388899999999999,13,0,775.5,-10.3,-7987.650000000001
2023-04-04 07:08:03,10.55564,-0.1388899999999999,13,0,774.2,-0.6,-464.52
2023-04-04 07:08:05,9.44452,-0.5555599999999998,13,0,775.4,-6.4,-4962.56
2023-04-04 07:08:07,8.333400000000001,-0.5555599999999998,13,0,775.6,-8.5,-6592.6
2023-04-04 07:08:09,8.88896,0.2777799999999999,13,0,772.5,20.29,15674.025
2023-04-04 07:08:11,7.777840000000001,-0.5555599999999998,13,0,775.1,-2.8,-2170.28
2023-04-04 07:08:13,7.22228,-0.2777800000000003,13,0,773.6,9.39,7264.104
2023-04-04 07:08:15,6.388940000000001,-0.4166699999999999,13,0,775.4,-5.4,-4187.16
2023-04-04 07:08:17,5.5556,-0.4166700000000003,13,0,775.1,-2.6,-2015.26
2023-04-04 07:08:19,4.1667000000000005,-0.6944499999999998,13,0,775.5,-5.6,-4342.799999999999
2023-04-04 07:08:21,2.22224,-0.97223,13,0,775.3,-2.9,-2248.37
2023-04-04 07:08:23,0.27778,-0.97223,13,0,774.9,0.7,542.43
2023-04-04 07:08:25,0.0,-0.13889,13,0,774.9,1.0,774.9
2023-04-04 07:08:27,0.0,0.0,13,0,774.9,0.8,619.9200000000001
2023-04-04 07:08:29,0.0,0.0,13,0,774.9,1.3,1007.37
2023-04-04 07:08:31,0.0,0.0,13,0,774.9,1.2,929.88
2023-04-04 07:08:33,0.0,0.0,13,0,774.9,0.5,387.45
2023-04-04 07:08:35,0.0,0.0,13,0,774.9,0.6,464.94
2023-04-04 07:08:37,0.0,0.0,13,0,774.9,0.6,464.94
2023-04-04 07:08:39,0.0,0.0,13,0,774.9,0.7,542.43
2023-04-04 07:08:41,0.0,0.0,13,0,774.9,0.7,542.43
2023-04-04 07:08:43,0.0,0.0,13,0,774.9,1.7,1317.33
2023-04-04 07:08:45,0.0,0.0,13,0,774.9,0.8,619.9200000000001
2023-04-04 07:08:47,0.0,0.0,13,0,774.9,0.8,619.9200000000001
2023-04-04 07:08:49,0.0,0.0,13,0,774.9,1.6,1239.84
2023-04-04 07:08:51,0.0,0.0,13,0,774.9,0.9,697.41
2023-04-04 07:08:53,0.0,0.0,13,0,774.9,0.8,619.9200000000001
2023-04-04 07:08:55,0.0,0.0,13,0,774.9,1.8,1394.82
2023-04-04 07:08:57,0.0,0.0,13,0,774.9,0.8,619.9200000000001
2023-04-04 07:08:59,0.0,0.0,13,0,774.9,0.7,542.43
2023-04-04 07:09:01,0.0,0.0,13,0,774.9,1.8,1394.82
2023-04-04 07:09:03,0.0,0.0,13,0,775.0,1.9,1472.5
2023-04-04 07:09:05,0.0,0.0,13,0,774.9,1.6,1239.84
2023-04-04 07:09:07,0.0,0.0,13,0,775.0,1.6,1240.0
2023-04-04 07:09:09,0.0,0.0,13,0,775.0,1.6,1240.0
2023-04-04 07:09:11,0.0,0.0,13,0,775.0,0.5,387.5
2023-04-04 07:09:13,0.0,0.0,13,0,775.0,0.5,387.5
2023-04-04 07:09:15,0.0,0.0,13,0,775.0,0.5,387.5
2023-04-04 07:09:17,0.0,0.0,13,0,775.0,2.09,1619.75
2023-04-04 07:09:19,0.0,0.0,13,0,775.0,0.5,387.5
2023-04-04 07:09:21,0.0,0.0,13,0,775.0,2.0,1550.0
2023-04-04 07:09:23,0.0,0.0,13,0,775.0,0.9,697.5
2023-04-04 07:09:25,0.0,0.0,13,0,775.0,0.8,620.0
2023-04-04 07:09:27,0.0,0.0,13,0,775.0,1.0,775.0
2023-04-04 07:09:29,0.0,0.0,13,0,775.0,0.5,387.5
2023-04-04 07:09:31,0.0,0.0,13,0,775.0,0.5,387.5
2023-04-04 07:09:33,0.0,0.0,13,0,775.0,0.8,620.0
2023-04-04 07:09:35,0.0,0.0,13,0,775.0,0.5,387.5
2023-04-04 07:09:37,0.0,0.0,13,0,775.0,0.7,542.5
2023-04-04 07:09:39,0.0,0.0,13,0,775.0,0.9,697.5
2023-04-04 07:09:41,0.0,0.0,13,0,775.0,2.4,1860.0
2023-04-04 07:09:43,0.0,0.0,13,0,774.9,2.6,2014.74
2023-04-04 07:09:45,0.55556,0.27778,13,0,775.0,0.9,697.5
2023-04-04 07:09:47,5.00004,2.22224,13,0,771.3,24.5,18896.85
2023-04-04 07:09:49,7.777840000000001,1.3889000000000005,13,0,771.7,27.5,21221.75
2023-04-04 07:09:51,10.00008,1.1111199999999997,13,0,772.7,16.2,12517.74
2023-04-04 07:09:53,10.55564,0.2777799999999999,13,0,772.1,20.8,16059.68
2023-04-04 07:09:55,12.222320000000002,0.8333400000000006,13,0,770.3,38.0,29271.4
2023-04-04 07:09:57,12.77788,0.2777799999999999,13,0,774.9,-4.19,-3246.831
2023-04-04 07:09:59,13.33344,0.2777799999999999,13,0,771.5,21.8,16818.7
2023-04-04 07:10:01,14.16678,0.4166699999999999,13,0,771.2,25.3,19511.36
2023-04-04 07:10:03,15.00012,0.4166699999999999,13,0,768.1,54.1,41554.21
2023-04-04 07:10:05,15.555680000000002,0.2777800000000008,13,0,772.1,25.8,19920.18
2023-04-04 07:10:07,15.833460000000002,0.1388899999999999,13,0,774.5,-16.9,-13089.05
2023-04-04 07:10:09,15.00012,-0.4166700000000007,13,0,772.6,21.0,16224.6
2023-04-04 07:10:11,15.555680000000002,0.2777800000000008,13,0,771.2,22.9,17660.48
2023-04-04 07:10:13,15.555680000000002,0.0,13,0,772.5,12.9,9965.25
2023-04-04 07:10:15,16.111240000000002,0.2777799999999999,13,0,771.1,25.5,19663.05
2023-04-04 07:10:17,15.833460000000002,-0.1388899999999999,13,0,775.6,-17.5,-13573.0
2023-04-04 07:10:19,15.555680000000002,-0.1388899999999999,13,0,772.4,15.9,12281.16
2023-04-04 07:10:21,15.2779,-0.1388900000000008,13,0,773.2,4.6,3556.72
2023-04-04 07:10:23,15.2779,0.0,13,0,771.1,25.9,19971.49
2023-04-04 07:10:25,15.2779,0.0,13,0,772.6,2.2,1699.7200000000005
2023-04-04 07:10:27,14.44456,-0.4166699999999999,13,0,775.3,-13.4,-10389.02
2023-04-04 07:10:29,13.889,-0.2777799999999999,13,0,773.9,2.0,1547.8
2023-04-04 07:10:31,13.33344,-0.2777799999999999,13,0,772.3,17.6,13592.48
2023-04-04 07:10:33,13.889,0.2777799999999999,13,0,771.4,26.0,20056.4
2023-04-04 07:10:35,13.61122,-0.1388899999999999,13,0,774.9,-12.6,-9763.74
2023-04-04 07:10:37,13.33344,-0.1388899999999999,13,0,773.3,8.5,6573.049999999999
2023-04-04 07:10:39,13.61122,0.1388899999999999,13,0,772.6,12.3,9502.98
2023-04-04 07:10:41,13.33344,-0.1388899999999999,13,0,775.6,-14.2,-11013.52
2023-04-04 07:10:43,13.889,0.2777799999999999,13,0,771.5,23.1,17821.65
2023-04-04 07:10:45,13.61122,-0.1388899999999999,13,0,775.1,-10.8,-8371.08
2023-04-04 07:10:47,13.33344,-0.1388899999999999,13,0,775.3,-13.7,-10621.61
2023-04-04 07:10:49,13.33344,0.0,13,0,773.5,1.4,1082.9
2023-04-04 07:10:51,13.05566,-0.1388899999999999,13,0,774.5,-1.6,-1239.2
2023-04-04 07:10:53,13.889,0.4166699999999999,13,0,771.6,23.8,18364.08
2023-04-04 07:10:55,14.44456,0.2777799999999999,13,0,769.5,39.4,30318.3
2023-04-04 07:10:57,14.44456,0.0,13,0,772.5,14.3,11046.75
2023-04-04 07:10:59,13.889,-0.2777799999999999,13,0,773.3,9.7,7501.009999999999
2023-04-04 07:11:01,13.889,0.0,13,0,772.5,9.8,7570.500000000001
2023-04-04 07:11:03,13.61122,-0.1388899999999999,13,0,772.8,9.2,7109.759999999999
2023-04-04 07:11:05,13.33344,-0.1388899999999999,13,0,775.3,-14.8,-11474.44
2023-04-04 07:11:07,11.944540000000002,-0.6944499999999998,13,0,775.4,-13.4,-10390.36
2023-04-04 07:11:09,10.00008,-0.9722300000000006,13,0,776.8,-23.8,-18487.84
2023-04-04 07:11:11,6.111160000000001,-1.94446,13,0,777.6,-24.5,-19051.2
2023-04-04 07:11:13,4.1667000000000005,-0.97223,13,0,774.7,1.5,1162.0500000000002
2023-04-04 07:11:15,3.3333600000000003,-0.4166700000000001,13,0,774.5,0.5,387.25
2023-04-04 07:11:17,2.7778,-0.2777800000000001,13,0,774.4,3.2,2478.08
2023-04-04 07:11:19,1.6666800000000002,-0.5555599999999999,13,0,774.3,3.2,2477.76
2023-04-04 07:11:21,0.8333400000000001,-0.41667,13,0,774.3,0.8,619.44
2023-04-04 07:11:23,0.0,-0.41667,13,0,774.3,0.9,696.87
2023-04-04 07:11:25,0.0,0.0,13,0,774.4,3.0,2323.2
2023-04-04 07:11:27,0.0,0.0,13,0,774.4,0.6,464.64
2023-04-04 07:11:29,0.0,0.0,13,0,774.4,0.7,542.0799999999999
2023-04-04 07:11:31,0.0,0.0,13,0,774.3,1.3,1006.59
2023-04-04 07:11:33,0.0,0.0,13,0,774.3,1.7,1316.31
2023-04-04 07:11:35,0.0,0.0,13,0,774.0,1.6,1238.4
2023-04-04 07:11:37,0.0,0.0,13,0,774.3,0.7,542.0099999999999
2023-04-04 07:11:39,0.0,0.0,13,0,774.3,0.7,542.0099999999999
2023-04-04 07:11:41,0.0,0.0,13,0,774.4,0.7,542.0799999999999
2023-04-04 07:11:43,0.0,0.0,13,0,774.3,1.6,1238.88
2023-04-04 07:11:45,0.0,0.0,13,0,774.4,0.5,387.2
2023-04-04 07:11:47,0.0,0.0,13,0,774.4,1.3,1006.72
2023-04-04 07:11:49,0.0,0.0,13,0,774.4,2.7,2090.88
2023-04-04 07:11:51,0.0,0.0,13,0,774.2,2.4,1858.08
2023-04-04 07:11:53,0.0,0.0,13,0,774.4,0.5,387.2
2023-04-04 07:11:55,0.0,0.0,13,0,774.4,0.5,387.2
2023-04-04 07:11:57,0.0,0.0,13,0,774.4,0.5,387.2
2023-04-04 07:11:59,0.0,0.0,13,0,774.4,2.8,2168.32
2023-04-04 07:12:01,0.0,0.0,13,0,774.4,0.5,387.2
2023-04-04 07:12:03,0.0,0.0,13,0,774.4,1.0,774.4
2023-04-04 07:12:05,0.0,0.0,13,0,774.4,0.5,387.2
2023-04-04 07:12:07,2.50002,1.25001,13,0,773.2,12.7,9819.64
2023-04-04 07:12:09,3.0555800000000004,0.2777800000000001,13,0,774.3,1.1,851.73
2023-04-04 07:12:11,5.27782,1.11112,13,0,772.5,16.5,12746.25
2023-04-04 07:12:13,6.388940000000001,0.5555600000000003,13,0,773.9,2.3,1779.9699999999998
2023-04-04 07:12:15,7.50006,0.5555599999999998,13,0,772.0,21.2,16366.4
2023-04-04 07:12:17,8.88896,0.6944500000000002,13,0,770.3,34.8,26806.439999999995
2023-04-04 07:12:19,9.7223,0.4166699999999999,13,0,773.1,3.7,2860.4700000000003
2023-04-04 07:12:21,10.83342,0.5555599999999998,13,0,770.7,29.8,22966.86
2023-04-04 07:12:23,11.1112,0.1388899999999999,13,0,771.9,19.9,15360.809999999998
2023-04-04 07:12:25,11.388980000000002,0.1388900000000008,13,0,772.6,11.3,8730.380000000001
2023-04-04 07:12:27,11.944540000000002,0.2777799999999999,13,0,771.2,23.6,18200.320000000003
2023-04-04 07:12:29,12.77788,0.4166699999999999,13,0,770.1,33.5,25798.35
2023-04-04 07:12:31,12.500100000000002,-0.1388899999999999,13,0,775.0,-13.6,-10540.0
2023-04-04 07:12:33,11.666760000000002,-0.4166699999999999,13,0,773.8,-0.9,-696.42
2023-04-04 07:12:35,10.27786,-0.6944500000000007,13,0,775.1,-10.6,-8216.06
2023-04-04 07:12:37,9.7223,-0.2777799999999999,13,0,772.9,12.9,9970.41
2023-04-04 07:12:39,10.00008,0.1388899999999999,13,0,772.0,16.7,12892.4
2023-04-04 07:12:41,10.83342,0.4166699999999999,13,0,771.0,26.4,20354.4
2023-04-04 07:12:43,11.666760000000002,0.4166700000000007,13,0,771.3,22.8,17585.64
2023-04-04 07:12:45,12.222320000000002,0.2777799999999999,13,0,771.4,21.0,16199.4
2023-04-04 07:12:47,12.77788,0.2777799999999999,13,0,770.3,28.2,21722.46
2023-04-04 07:12:49,12.500100000000002,-0.1388899999999999,13,0,771.6,14.7,11342.52
2023-04-04 07:12:51,11.944540000000002,-0.2777799999999999,13,0,774.1,-4.0,-3096.4
2023-04-04 07:12:53,11.944540000000002,0.0,13,0,772.6,8.8,6798.880000000001
2023-04-04 07:12:55,11.944540000000002,0.0,13,0,772.0,13.6,10499.2
2023-04-04 07:12:57,10.83342,-0.5555600000000007,13,0,774.7,-11.7,-9063.99
2023-04-04 07:12:59,11.1112,0.1388899999999999,13,0,771.8,18.2,14046.759999999998
2023-04-04 07:13:01,11.388980000000002,0.1388900000000008,13,0,771.8,16.5,12734.7
2023-04-04 07:13:03,10.55564,-0.4166700000000007,13,0,772.7,7.3,5640.71
2023-04-04 07:13:05,11.388980000000002,0.4166700000000007,13,0,771.1,18.29,14103.419
2023-04-04 07:13:07,10.83342,-0.2777800000000008,13,0,774.8,-11.7,-9065.159999999998
2023-04-04 07:13:09,8.611180000000001,-1.1111199999999997,13,0,777.4,-34.3,-26664.82
2023-04-04 07:13:11,6.666720000000001,-0.97223,13,0,773.6,-4.19,-3241.3840000000005
2023-04-04 07:13:13,6.666720000000001,0.0,13,0,773.5,1.5,1160.25
2023-04-04 07:13:15,6.944500000000001,0.1388899999999999,13,0,771.6,20.1,15509.160000000002
2023-04-04 07:13:17,8.055620000000001,0.5555600000000003,13,0,771.2,22.3,17197.760000000002
2023-04-04 07:13:19,5.833380000000001,-1.11112,13,0,776.6,-25.5,-19803.3
2023-04-04 07:13:21,2.50002,-1.6666800000000004,13,0,774.3,-3.2,-2477.76
2023-04-04 07:13:23,1.9444600000000003,-0.2777799999999999,13,0,773.8,2.09,1617.2419999999995
2023-04-04 07:13:25,0.0,-0.97223,13,0,773.9,1.9,1470.41
2023-04-04 07:13:27,0.0,0.0,13,0,773.3,1.6,1237.28
2023-04-04 07:13:29,0.0,0.0,13,0,773.9,0.4,309.56
2023-04-04 07:13:31,0.0,0.0,13,0,773.9,0.4,309.56
2023-04-04 07:13:33,0.0,0.0,13,0,773.9,0.4,309.56
2023-04-04 07:13:35,0.0,0.0,13,0,773.9,1.6,1238.24
2023-04-04 07:13:37,0.0,0.0,13,0,773.9,1.0,773.9
2023-04-04 07:13:39,0.0,0.0,13,0,773.9,1.9,1470.41
2023-04-04 07:13:41,0.0,0.0,13,0,773.9,2.0,1547.8
2023-04-04 07:13:43,0.0,0.0,13,0,773.9,0.9,696.51
2023-04-04 07:13:45,0.0,0.0,13,0,773.9,1.1,851.2900000000001
2023-04-04 07:13:47,0.0,0.0,13,0,773.9,1.5,1160.85
2023-04-04 07:13:49,0.0,0.0,13,0,773.6,1.2,928.32
2023-04-04 07:13:51,0.0,0.0,13,0,773.9,0.7,541.7299999999999
2023-04-04 07:13:53,0.0,0.0,13,0,773.9,0.7,541.7299999999999
2023-04-04 07:13:55,0.0,0.0,13,0,773.9,1.4,1083.4599999999998
2023-04-04 07:13:57,0.0,0.0,13,0,773.9,1.5,1160.85
2023-04-04 07:13:59,0.0,0.0,13,0,773.9,0.7,541.7299999999999
2023-04-04 07:14:01,0.0,0.0,13,0,773.9,1.6,1238.24
2023-04-04 07:14:03,0.0,0.0,13,0,774.0,1.5,1161.0
2023-04-04 07:14:05,0.0,0.0,13,0,773.2,1.9,1469.08
2023-04-04 07:14:07,0.0,0.0,13,0,774.0,0.8,619.2
2023-04-04 07:14:09,0.0,0.0,13,0,774.0,0.7,541.8
2023-04-04 07:14:11,0.0,0.0,13,0,774.0,2.0,1548.0
2023-04-04 07:14:13,0.0,0.0,13,0,774.0,0.7,541.8
2023-04-04 07:14:15,0.0,0.0,13,0,774.0,1.2,928.8
2023-04-04 07:14:17,0.0,0.0,13,0,774.0,0.7,541.8
2023-04-04 07:14:19,0.0,0.0,13,0,774.0,0.7,541.8
2023-04-04 07:14:21,0.0,0.0,13,0,774.0,0.9,696.6
2023-04-04 07:14:23,0.0,0.0,13,0,774.0,1.4,1083.6
2023-04-04 07:14:25,0.0,0.0,13,0,773.0,1.1,850.3000000000001
2023-04-04 07:14:27,0.0,0.0,13,0,774.0,1.5,1161.0
2023-04-04 07:14:29,0.0,0.0,13,0,774.0,1.5,1161.0
2023-04-04 07:14:31,0.0,0.0,13,0,774.0,0.6,464.4
2023-04-04 07:14:33,0.0,0.0,13,0,774.1,1.7,1315.97
2023-04-04 07:14:35,0.0,0.0,13,0,774.0,1.6,1238.4
2023-04-04 07:14:37,0.0,0.0,13,0,774.0,0.5,387.0
2023-04-04 07:14:39,0.0,0.0,13,0,774.1,0.5,387.05
2023-04-04 07:14:41,0.0,0.0,13,0,774.1,1.6,1238.5600000000002
2023-04-04 07:14:43,0.0,0.0,13,0,774.1,1.7,1315.97
2023-04-04 07:14:45,0.0,0.0,13,0,773.9,1.6,1238.24
2023-04-04 07:14:47,3.3333600000000003,1.6666800000000002,13,0,772.2,18.2,14054.04
2023-04-04 07:14:49,6.666720000000001,1.6666800000000002,13,0,770.9,28.2,21739.38
2023-04-04 07:14:51,7.50006,0.4166699999999999,13,0,771.6,20.1,15509.160000000002
2023-04-04 07:14:53,8.333400000000001,0.4166700000000003,13,0,772.6,9.7,7494.219999999999
2023-04-04 07:14:55,8.333400000000001,0.0,13,0,772.6,9.1,7030.66
2023-04-04 07:14:57,8.611180000000001,0.1388899999999999,13,0,770.3,31.3,24110.39
2023-04-04 07:14:59,10.00008,0.6944499999999998,13,0,769.7,32.7,25169.19
2023-04-04 07:15:01,8.88896,-0.5555599999999998,13,0,774.4,-9.1,-7047.04
2023-04-04 07:15:03,7.777840000000001,-0.5555599999999998,13,0,771.1,25.6,19740.160000000003
2023-04-04 07:15:05,8.88896,0.5555599999999998,13,0,771.7,16.29,12570.993
2023-04-04 07:15:07,9.44452,0.2777799999999999,13,0,770.9,21.9,16882.71
2023-04-04 07:15:09,10.27786,0.4166699999999999,13,0,772.5,7.0,5407.5
2023-04-04 07:15:11,10.55564,0.1388899999999999,13,0,770.5,25.1,19339.550000000003
2023-04-04 07:15:13,12.222320000000002,0.8333400000000006,13,0,767.8,48.9,37545.42
2023-04-04 07:15:15,12.500100000000002,0.1388899999999999,13,0,773.3,-2.2,-1701.26
2023-04-04 07:15:17,13.61122,0.5555599999999998,13,0,768.0,42.9,32947.2
2023-04-04 07:15:19,13.61122,0.0,13,0,769.3,20.2,15539.86
2023-04-04 07:15:21,12.77788,-0.4166699999999999,13,0,771.7,8.3,6405.110000000001
2023-04-04 07:15:23,11.666760000000002,-0.5555599999999998,13,0,772.0,7.6,5867.2
2023-04-04 07:15:25,12.222320000000002,0.2777799999999999,13,0,768.9,37.59,28902.951
2023-04-04 07:15:27,13.61122,0.6944499999999998,13,0,768.3,35.2,27044.16
2023-04-04 07:15:29,15.00012,0.6944499999999998,13,0,767.9,39.0,29948.1
2023-04-04 07:15:31,15.833460000000002,0.4166700000000007,13,0,768.5,30.5,23439.25
2023-04-04 07:15:33,16.111240000000002,0.1388899999999999,13,0,768.0,36.59,28101.120000000003
2023-04-04 07:15:35,16.666800000000002,0.2777799999999999,13,0,766.6,50.7,38866.62
2023-04-04 07:15:37,16.666800000000002,0.0,13,0,773.8,-18.79,-14539.702
2023-04-04 07:15:39,17.500140000000002,0.4166699999999999,13,0,768.8,23.6,18143.68
2023-04-04 07:15:41,17.500140000000002,0.0,13,0,767.3,40.59,31144.707
2023-04-04 07:15:43,16.944580000000002,-0.2777799999999999,13,0,767.2,45.3,34754.16
2023-04-04 07:15:45,17.222360000000002,0.1388899999999999,13,0,769.5,20.6,15851.7
2023-04-04 07:15:47,16.666800000000002,-0.2777799999999999,13,0,771.2,-0.5,-385.6
2023-04-04 07:15:49,16.944580000000002,0.1388899999999999,13,0,765.7,53.6,41041.52
2023-04-04 07:15:51,17.500140000000002,0.2777799999999999,13,0,765.4,52.6,40260.04
2023-04-04 07:15:53,17.77792,0.1388899999999999,13,0,767.5,31.9,24483.25
2023-04-04 07:15:55,16.389020000000002,-0.6944499999999998,13,0,773.1,-16.5,-12756.15
2023-04-04 07:15:57,14.72234,-0.8333400000000006,12,0,772.5,-12.2,-9424.5
2023-04-04 07:15:59,13.889,-0.4166699999999999,12,0,773.5,-14.3,-11061.05
2023-04-04 07:16:01,14.16678,0.1388899999999999,12,0,770.6,15.1,11636.06
2023-04-04 07:16:03,16.666800000000002,1.2500100000000005,12,0,766.3,51.4,39387.82
2023-04-04 07:16:05,17.222360000000002,0.2777799999999999,12,0,769.2,20.4,15691.68
2023-04-04 07:16:07,15.833460000000002,-0.6944499999999998,12,0,773.5,-17.29,-13373.815
2023-04-04 07:16:09,15.00012,-0.4166700000000007,12,0,771.4,9.1,7019.74
2023-04-04 07:16:11,15.00012,0.0,12,0,769.6,21.3,16392.48
2023-04-04 07:16:13,15.555680000000002,0.2777800000000008,12,0,768.5,28.4,21825.4
2023-04-04 07:16:15,16.389020000000002,0.4166699999999999,12,0,769.0,23.3,17917.7
2023-04-04 07:16:17,17.222360000000002,0.4166699999999999,12,0,768.3,27.7,21281.91
2023-04-04 07:16:19,18.0557,0.4166699999999999,12,0,768.6,25.4,19522.44
2023-04-04 07:16:21,18.88904,0.4166699999999999,12,0,769.0,22.6,17379.4
2023-04-04 07:16:23,19.4446,0.2777799999999999,12,0,769.8,11.7,9006.659999999998
2023-04-04 07:16:25,19.16682,-0.1388899999999999,12,0,773.7,-21.9,-16944.03
2023-04-04 07:16:27,19.16682,0.0,12,0,770.3,13.6,10476.08
2023-04-04 07:16:29,19.16682,0.0,12,0,770.7,8.39,6466.173000000001
2023-04-04 07:16:31,19.72238,0.2777799999999999,12,0,768.6,26.7,20521.62
2023-04-04 07:16:33,20.55572,0.4166699999999999,12,0,766.7,42.7,32738.090000000004
2023-04-04 07:16:35,21.38906,0.4166699999999999,12,0,765.6,49.5,37897.2
2023-04-04 07:16:37,22.2224,0.4166699999999999,12,0,767.3,31.6,24246.68
2023-04-04 07:16:39,23.889080000000003,0.8333400000000015,12,0,756.7,127.9,96781.93
2023-04-04 07:16:41,26.111320000000003,1.1111199999999997,12,0,760.3,85.8,65233.73999999999
2023-04-04 07:16:43,25.833540000000003,-0.1388899999999999,12,0,766.6,29.5,22614.7
2023-04-04 07:16:45,26.111320000000003,0.1388899999999999,12,0,766.2,32.5,24901.5
2023-04-04 07:16:47,26.666880000000003,0.2777799999999999,12,0,764.8,46.3,35410.24
2023-04-04 07:16:49,27.778,0.5555599999999998,12,0,762.9,67.0,51114.3
2023-04-04 07:16:51,28.61134,0.4166699999999999,12,0,763.8,42.6,32537.88
2023-04-04 07:16:53,29.1669,0.2777799999999999,12,0,764.2,43.1,32937.020000000004
2023-04-04 07:16:55,28.61134,-0.2777799999999999,12,0,767.2,20.8,15957.760000000002
2023-04-04 07:16:57,28.88912,0.1388899999999999,12,0,766.9,20.9,16028.21
2023-04-04 07:16:59,29.44468,0.2777799999999999,12,0,765.3,35.59,27237.027
2023-04-04 07:17:01,30.00024,0.2777799999999999,12,0,764.9,43.3,33120.17
2023-04-04 07:17:03,31.111360000000005,0.5555600000000016,12,0,763.1,55.1,42046.810000000005
2023-04-04 07:17:05,31.666920000000005,0.2777799999999999,13,0,764.7,37.5,28676.25
2023-04-04 07:17:07,32.222480000000004,0.2777799999999999,13,0,763.4,47.6,36337.84
2023-04-04 07:17:09,33.055820000000004,0.4166699999999999,13,0,763.2,51.5,39304.8
2023-04-04 07:17:11,33.889160000000004,0.4166699999999999,13,0,761.5,62.1,47289.15
2023-04-04 07:17:13,34.444720000000004,0.2777799999999999,13,0,762.7,52.5,40041.75
2023-04-04 07:17:15,35.000280000000004,0.2777799999999999,13,0,761.8,56.4,42965.52
2023-04-04 07:17:17,35.000280000000004,0.0,13,0,770.6,-20.9,-16105.54
2023-04-04 07:17:19,35.000280000000004,0.0,13,0,761.8,58.7,44717.66
2023-04-04 07:17:21,35.27806,0.1388899999999999,13,0,761.4,64.19,48874.266
2023-04-04 07:17:23,34.722500000000004,-0.2777799999999999,13,0,771.5,-31.4,-24225.1
2023-04-04 07:17:25,34.444720000000004,-0.1388899999999999,13,0,764.5,37.8,28898.1
2023-04-04 07:17:27,35.000280000000004,0.2777799999999999,13,0,762.4,58.4,44524.16
2023-04-04 07:17:29,35.55584,0.2777799999999999,12,0,755.8,107.0,80870.59999999999
2023-04-04 07:17:31,36.66696,0.5555599999999998,12,0,754.7,105.2,79394.44
2023-04-04 07:17:33,37.5003,0.4166699999999999,12,0,755.7,98.1,74134.17
2023-04-04 07:17:35,36.66696,-0.4166699999999999,12,0,770.2,-32.59,-25100.818000000003
2023-04-04 07:17:37,36.1114,-0.2777799999999999,12,0,765.1,17.7,13542.27
2023-04-04 07:17:39,35.27806,-0.4166699999999999,12,0,769.9,-27.9,-21480.21
2023-04-04 07:17:41,34.444720000000004,-0.4166699999999999,12,0,771.4,-30.6,-23604.84
2023-04-04 07:17:43,34.444720000000004,0.0,12,0,765.3,32.8,25101.84
2023-04-04 07:17:45,35.27806,0.4166699999999999,12,0,761.8,64.9,49440.82
2023-04-04 07:17:47,36.1114,0.4166699999999999,12,0,760.1,64.6,49102.46
2023-04-04 07:17:49,36.38918,0.1388899999999999,12,0,762.2,47.6,36280.72
2023-04-04 07:17:51,36.66696,0.1388899999999999,12,0,762.1,49.2,37495.32
2023-04-04 07:17:53,37.22252,0.2777799999999999,12,0,761.4,55.4,42181.56
2023-04-04 07:17:55,37.5003,0.1388899999999999,12,0,761.6,51.0,38841.6
2023-04-04 07:17:57,38.05586,0.2777799999999999,12,0,761.8,52.8,40223.03999999999
2023-04-04 07:17:59,37.77808,-0.1388899999999999,12,0,769.5,-27.0,-20776.5
2023-04-04 07:18:01,36.66696,-0.5555599999999998,12,0,771.3,-31.6,-24373.08
2023-04-04 07:18:03,35.27806,-0.6944499999999998,12,0,770.2,-23.3,-17945.66
2023-04-04 07:18:05,34.722500000000004,-0.2777799999999999,12,0,766.6,19.6,15025.360000000002
2023-04-04 07:18:07,34.444720000000004,-0.1388899999999999,12,0,762.8,48.6,37072.08
2023-04-04 07:18:09,33.611380000000004,-0.4166699999999999,12,0,764.6,36.0,27525.6
2023-04-04 07:18:11,33.611380000000004,0.0,12,0,762.0,55.1,41986.2
2023-04-04 07:18:13,33.611380000000004,0.0,12,0,761.2,56.0,42627.2
2023-04-04 07:18:15,32.778040000000004,-0.4166699999999999,12,0,763.9,36.0,27500.4
2023-04-04 07:18:17,32.500260000000004,-0.1388899999999999,13,0,763.9,37.4,28569.86
2023-04-04 07:18:19,31.666920000000005,-0.4166699999999999,13,0,763.0,38.2,29146.6
2023-04-04 07:18:21,31.389140000000005,-0.1388899999999999,13,0,763.1,44.5,33957.950000000004
2023-04-04 07:18:23,31.111360000000005,-0.1388899999999999,13,0,763.6,41.9,31994.84
2023-04-04 07:18:25,31.111360000000005,0.0,13,0,762.2,48.7,37119.14000000001
2023-04-04 07:18:27,31.389140000000005,0.1388899999999999,13,0,760.5,62.6,47607.3
2023-04-04 07:18:29,31.944700000000005,0.2777799999999999,13,0,756.0,92.8,70156.8
2023-04-04 07:18:31,32.500260000000004,0.2777799999999999,13,0,757.4,82.6,62561.23999999999
2023-04-04 07:18:33,31.944700000000005,-0.2777799999999999,12,0,769.3,-27.4,-21078.82
2023-04-04 07:18:35,31.666920000000005,-0.1388899999999999,12,0,760.6,55.7,42365.420000000006
2023-04-04 07:18:37,31.944700000000005,0.1388899999999999,12,0,758.5,70.8,53701.8
2023-04-04 07:18:39,32.222480000000004,0.1388899999999999,12,0,756.6,76.1,57577.26
2023-04-04 07:18:41,32.500260000000004,0.1388899999999999,12,0,757.6,74.0,56062.4
2023-04-04 07:18:43,32.222480000000004,-0.1388899999999999,12,0,768.2,-28.2,-21663.24
2023-04-04 07:18:45,32.222480000000004,0.0,12,0,758.2,67.6,51254.32
2023-04-04 07:18:47,32.222480000000004,0.0,12,0,758.4,62.9,47703.36
2023-04-04 07:18:49,31.389140000000005,-0.4166699999999999,12,0,769.3,-39.2,-30156.56
2023-04-04 07:18:51,31.111360000000005,-0.1388899999999999,12,0,760.5,47.8,36351.9
2023-04-04 07:18:53,30.27802,-0.4166700000000016,12,0,763.9,15.0,11458.5
2023-04-04 07:18:55,29.72246,-0.2777799999999999,12,0,761.5,41.0,31221.5
2023-04-04 07:18:57,28.61134,-0.5555599999999998,12,0,767.7,-7.9,-6064.830000000001
2023-04-04 07:18:59,28.33356,-0.1388899999999999,12,0,762.2,36.5,27820.300000000003
2023-04-04 07:19:01,28.05578,-0.1388899999999999,12,0,763.7,19.5,14892.15
2023-04-04 07:19:03,26.94466,-0.5555599999999998,12,0,769.4,-31.0,-23851.4
2023-04-04 07:19:05,26.389100000000003,-0.2777799999999999,12,0,764.2,25.3,19334.26
2023-04-04 07:19:07,26.111320000000003,-0.1388899999999999,12,0,762.0,41.0,31242.0
2023-04-04 07:19:09,26.389100000000003,0.1388899999999999,12,0,760.4,56.1,42658.44
2023-04-04 07:19:11,27.22244,0.4166699999999999,12,0,757.7,72.69,55077.213
2023-04-04 07:19:13,26.111320000000003,-0.5555599999999998,12,0,763.1,32.2,24571.820000000003
2023-04-04 07:19:15,27.22244,0.5555599999999998,12,0,755.6,97.0,73293.2
2023-04-04 07:19:17,28.33356,0.5555599999999998,12,0,755.6,96.2,72688.72
2023-04-04 07:19:19,29.72246,0.6944499999999998,12,0,754.2,95.0,71649.0
2023-04-04 07:19:21,30.83358,0.5555599999999998,12,0,753.8,97.0,73118.59999999999
2023-04-04 07:19:23,32.222480000000004,0.6944500000000016,12,0,753.8,91.8,69198.84
2023-04-04 07:19:25,31.944700000000005,-0.1388899999999999,12,0,760.6,37.2,28294.320000000003
2023-04-04 07:19:27,32.500260000000004,0.2777799999999999,12,0,757.5,59.5,45071.25
2023-04-04 07:19:29,32.778040000000004,0.1388899999999999,12,0,757.7,58.1,44022.37
2023-04-04 07:19:31,33.333600000000004,0.2777799999999999,12,0,757.9,60.1,45549.79
2023-04-04 07:19:33,33.055820000000004,-0.1388899999999999,12,0,768.0,-35.09,-26949.120000000003
2023-04-04 07:19:35,32.500260000000004,-0.2777799999999999,12,0,768.7,-33.2,-25520.840000000004
2023-04-04 07:19:37,31.666920000000005,-0.4166699999999999,12,0,768.7,-29.6,-22753.520000000004
2023-04-04 07:19:39,29.72246,-0.9722300000000016,12,0,774.4,-78.4,-60712.96
2023-04-04 07:19:41,28.61134,-0.5555599999999998,12,0,769.2,-31.5,-24229.800000000003
2023-04-04 07:19:43,27.778,-0.4166699999999999,12,0,770.8,-32.2,-24819.76
2023-04-04 07:19:45,27.778,0.0,12,0,765.5,18.0,13779.0
2023-04-04 07:19:47,28.05578,0.1388899999999999,12,0,764.6,26.6,20338.36
2023-04-04 07:19:49,28.05578,0.0,12,0,766.2,9.0,6895.8
2023-04-04 07:19:51,27.778,-0.1388899999999999,12,0,766.2,2.0,1532.4
2023-04-04 07:19:53,27.50022,-0.1388899999999999,12,0,768.9,-4.69,-3606.141
2023-04-04 07:19:55,27.778,0.1388899999999999,12,0,764.1,31.7,24221.97
2023-04-04 07:19:57,27.50022,-0.1388899999999999,12,0,769.1,-28.5,-21919.35
2023-04-04 07:19:59,27.50022,0.0,12,0,763.7,31.4,23980.18
2023-04-04 07:20:01,28.61134,0.5555599999999998,12,0,758.2,79.0,59897.8
2023-04-04 07:20:03,30.5558,0.9722299999999996,12,0,752.8,120.1,90411.27999999998
2023-04-04 07:20:05,32.222480000000004,0.8333400000000015,12,0,752.1,119.4,89800.74
2023-04-04 07:20:07,33.889160000000004,0.8333399999999997,12,0,751.7,123.4,92759.78
2023-04-04 07:20:09,35.27806,0.6944499999999998,12,0,749.0,124.4,93175.6
2023-04-04 07:20:11,36.38918,0.5555599999999998,12,0,751.7,102.6,77124.42
2023-04-04 07:20:13,37.22252,0.4166699999999999,12,0,751.9,100.4,75490.76
2023-04-04 07:20:15,37.77808,0.2777799999999999,12,0,753.5,80.8,60882.8
2023-04-04 07:20:17,38.33364,0.2777799999999999,12,0,754.7,69.5,52451.65
2023-04-04 07:20:19,38.61142,0.1388899999999999,12,0,754.4,69.5,52430.8
2023-04-04 07:20:21,38.33364,-0.1388899999999999,12,0,761.4,1.9,1446.66
2023-04-04 07:20:23,37.77808,-0.2777799999999999,12,0,759.8,30.1,22869.98
2023-04-04 07:20:25,37.5003,-0.1388899999999999,12,0,759.1,35.7,27099.870000000003
2023-04-04 07:20:27,37.22252,-0.1388899999999999,12,0,758.7,40.0,30348.0
2023-04-04 07:20:29,36.94474,-0.1388899999999999,12,0,759.7,31.2,23702.64
2023-04-04 07:20:31,36.38918,-0.2777799999999999,12,0,759.8,26.3,19982.74
2023-04-04 07:20:33,36.1114,-0.1388899999999999,12,0,760.0,31.6,24016.0
2023-04-04 07:20:35,35.83362,-0.1388899999999999,12,0,760.1,30.4,23107.04
2023-04-04 07:20:37,35.55584,-0.1388899999999999,12,0,758.8,38.2,28986.16
2023-04-04 07:20:39,35.55584,0.0,12,0,758.8,43.4,32931.92
2023-04-04 07:20:41,34.722500000000004,-0.4166699999999999,12,0,766.7,-31.2,-23921.04
2023-04-04 07:20:43,34.444720000000004,-0.1388899999999999,12,0,759.5,36.9,28025.55
2023-04-04 07:20:45,33.055820000000004,-0.6944499999999998,12,0,767.7,-33.09,-25403.193000000003
2023-04-04 07:20:47,31.666920000000005,-0.6944499999999998,12,0,768.3,-32.9,-25277.07
2023-04-04 07:20:49,30.83358,-0.4166700000000016,12,0,764.4,9.1,6956.04
2023-04-04 07:20:51,30.27802,-0.2777799999999999,12,0,764.5,3.0,2293.5
2023-04-04 07:20:53,27.50022,-1.3888999999999996,12,0,777.9,-114.4,-88991.76
2023-04-04 07:20:55,26.111320000000003,-0.6944499999999998,12,0,766.9,4.19,3213.311
2023-04-04 07:20:57,26.666880000000003,0.2777799999999999,12,0,760.9,49.9,37968.91
2023-04-04 07:20:59,27.22244,0.2777799999999999,12,0,760.5,48.1,36580.05
2023-04-04 07:21:01,27.22244,0.0,12,0,763.4,17.6,13435.84
2023-04-04 07:21:03,27.22244,0.0,12,0,762.3,29.1,22182.93
2023-04-04 07:21:05,27.22244,0.0,12,0,759.8,50.3,38217.94
2023-04-04 07:21:07,27.22244,0.0,12,0,761.2,32.5,24739.0
2023-04-04 07:21:09,27.778,0.2777799999999999,12,0,757.6,65.8,49850.08
2023-04-04 07:21:11,28.88912,0.5555599999999998,12,0,753.2,104.5,78709.40000000001
2023-04-04 07:21:13,30.27802,0.6944499999999998,12,0,751.3,110.1,82718.12999999999
2023-04-04 07:21:15,31.389140000000005,0.5555600000000016,12,0,750.1,116.9,87686.69
2023-04-04 07:21:17,32.222480000000004,0.4166699999999999,12,0,752.1,92.6,69644.45999999999
2023-04-04 07:21:19,32.778040000000004,0.2777799999999999,12,0,750.9,101.1,75915.98999999999
2023-04-04 07:21:21,33.611380000000004,0.4166699999999999,12,0,750.7,100.4,75370.28000000001
2023-04-04 07:21:23,33.611380000000004,0.0,12,0,753.8,71.5,53896.7
2023-04-04 07:21:25,33.611380000000004,0.0,12,0,758.0,16.9,12810.2
2023-04-04 07:21:27,33.611380000000004,0.0,12,0,753.9,66.3,49983.57
2023-04-04 07:21:29,32.778040000000004,-0.4166699999999999,12,0,755.6,56.1,42389.16
2023-04-04 07:21:31,32.778040000000004,0.0,12,0,755.6,56.7,42842.52
2023-04-04 07:21:33,32.778040000000004,0.0,12,0,754.8,62.4,47099.52
2023-04-04 07:21:35,33.055820000000004,0.1388899999999999,12,0,753.9,63.4,47797.26
2023-04-04 07:21:37,33.055820000000004,0.0,12,0,753.7,61.7,46503.29000000001
2023-04-04 07:21:39,33.055820000000004,0.0,12,0,755.4,53.6,40489.44
2023-04-04 07:21:41,32.778040000000004,-0.1388899999999999,12,0,755.7,49.0,37029.3
2023-04-04 07:21:43,32.500260000000004,-0.1388899999999999,12,0,755.5,49.5,37397.25
2023-04-04 07:21:45,31.666920000000005,-0.4166699999999999,12,0,763.0,-9.5,-7248.5
2023-04-04 07:21:47,31.111360000000005,-0.2777799999999999,12,0,757.5,38.0,28785.0
2023-04-04 07:21:49,31.111360000000005,0.0,12,0,755.4,52.7,39809.58
2023-04-04 07:21:51,31.111360000000005,0.0,12,0,755.2,53.1,40101.12
2023-04-04 07:21:53,30.27802,-0.4166700000000016,12,0,764.2,-33.59,-25669.478000000003
2023-04-04 07:21:55,28.33356,-0.9722299999999996,11,0,765.2,-31.6,-24180.320000000003
2023-04-04 07:21:57,26.94466,-0.6944499999999998,11,0,761.0,16.7,12708.7
2023-04-04 07:21:59,26.94466,0.0,11,0,758.3,39.5,29952.85
2023-04-04 07:22:01,27.50022,0.2777799999999999,11,0,754.9,70.8,53446.92
2023-04-04 07:22:03,28.33356,0.4166699999999999,11,0,751.7,91.2,68555.04000000001
2023-04-04 07:22:05,29.44468,0.5555599999999998,11,0,751.0,94.2,70744.2
2023-04-04 07:22:07,30.5558,0.5555599999999998,11,0,748.7,104.0,77864.8
2023-04-04 07:22:09,31.389140000000005,0.4166700000000016,11,0,748.7,105.4,78912.98000000001
2023-04-04 07:22:11,32.500260000000004,0.5555599999999998,11,0,748.2,102.8,76914.96
2023-04-04 07:22:13,31.944700000000005,-0.2777799999999999,11,0,752.7,49.8,37484.46
2023-04-04 07:22:15,31.944700000000005,0.0,11,0,753.9,52.1,39278.19
2023-04-04 07:22:17,31.666920000000005,-0.1388899999999999,11,0,754.8,47.0,35475.6
2023-04-04 07:22:19,31.666920000000005,0.0,11,0,754.0,51.9,39132.6
2023-04-04 07:22:21,31.944700000000005,0.1388899999999999,11,0,753.3,61.0,45951.3
2023-04-04 07:22:23,31.944700000000005,0.0,11,0,752.7,60.1,45237.27
2023-04-04 07:22:25,31.666920000000005,-0.1388899999999999,11,0,753.9,58.8,44329.32
2023-04-04 07:22:27,32.500260000000004,0.4166699999999999,11,0,750.4,90.2,67686.08
2023-04-04 07:22:29,32.222480000000004,-0.1388899999999999,11,0,753.8,55.7,41986.66
2023-04-04 07:22:31,31.944700000000005,-0.1388899999999999,11,0,762.2,-24.3,-18521.460000000003
2023-04-04 07:22:33,31.666920000000005,-0.1388899999999999,11,0,755.0,31.1,23480.5
2023-04-04 07:22:35,30.5558,-0.5555600000000016,11,0,761.2,-15.5,-11798.6
2023-04-04 07:22:37,29.72246,-0.4166699999999999,11,0,757.7,24.4,18487.88
2023-04-04 07:22:39,29.44468,-0.1388899999999999,11,0,756.6,32.09,24279.294
2023-04-04 07:22:41,29.1669,-0.1388899999999999,11,0,756.8,35.3,26715.04
2023-04-04 07:22:43,28.33356,-0.4166699999999999,11,0,757.6,28.2,21364.32
2023-04-04 07:22:45,28.61134,0.1388899999999999,11,0,755.4,54.4,41093.76
2023-04-04 07:22:47,29.44468,0.4166699999999999,12,0,752.1,77.0,57911.7
2023-04-04 07:22:49,30.5558,0.5555599999999998,12,0,751.5,77.1,57940.65
2023-04-04 07:22:51,31.389140000000005,0.4166700000000016,12,0,751.4,75.9,57031.26
2023-04-04 07:22:53,32.500260000000004,0.5555599999999998,12,0,751.0,74.69,56092.19
2023-04-04 07:22:55,33.611380000000004,0.5555599999999998,12,0,751.0,71.3,53546.3
2023-04-04 07:22:57,33.055820000000004,-0.2777799999999999,11,0,761.8,-29.3,-22320.74
2023-04-04 07:22:59,32.222480000000004,-0.4166699999999999,11,0,763.5,-29.9,-22828.65
2023-04-04 07:23:01,31.666920000000005,-0.2777799999999999,11,0,760.9,1.2,913.08
2023-04-04 07:23:03,32.222480000000004,0.2777799999999999,11,0,755.3,42.0,31722.6
2023-04-04 07:23:05,31.389140000000005,-0.4166699999999999,11,0,764.2,-30.5,-23308.1
2023-04-04 07:23:07,29.1669,-1.1111200000000014,11,0,771.5,-92.0,-70978.0
2023-04-04 07:23:09,28.33356,-0.4166699999999999,11,0,765.9,-32.4,-24815.16
2023-04-04 07:23:11,27.778,-0.2777799999999999,11,0,763.4,-14.3,-10916.62
2023-04-04 07:23:13,27.50022,-0.1388899999999999,11,0,766.3,-32.09,-24590.567000000003
2023-04-04 07:23:15,27.22244,-0.1388899999999999,11,0,763.4,-3.1,-2366.54
2023-04-04 07:23:17,27.22244,0.0,11,0,763.1,0.7,534.17
2023-04-04 07:23:19,27.22244,0.0,11,0,763.3,-0.6,-457.98
2023-04-04 07:23:21,26.666880000000003,-0.2777799999999999,11,0,765.2,-28.7,-21961.24
2023-04-04 07:23:23,26.94466,0.1388899999999999,11,0,762.4,8.3,6327.92
2023-04-04 07:23:25,27.22244,0.1388899999999999,11,0,762.6,6.5,4956.900000000001
2023-04-04 07:23:27,27.50022,0.1388899999999999,11,0,762.4,7.3,5565.52
2023-04-04 07:23:29,27.778,0.1388899999999999,11,0,759.6,31.8,24155.28
2023-04-04 07:23:31,29.1669,0.6944499999999998,11,0,754.0,88.9,67030.6
2023-04-04 07:23:33,30.5558,0.6944499999999998,11,0,753.1,83.3,62733.23
2023-04-04 07:23:35,31.944700000000005,0.6944500000000016,11,0,753.2,76.4,57544.48000000001
2023-04-04 07:23:37,32.778040000000004,0.4166699999999999,11,0,753.4,71.4,53792.76
2023-04-04 07:23:39,31.666920000000005,-0.5555599999999998,11,0,763.9,-30.9,-23604.51
2023-04-04 07:23:41,30.83358,-0.4166700000000016,11,0,765.7,-33.0,-25268.1
2023-04-04 07:23:43,30.27802,-0.2777799999999999,11,0,763.7,-14.0,-10691.8
2023-04-04 07:23:45,29.44468,-0.4166699999999999,11,0,765.4,-21.7,-16609.18
2023-04-04 07:23:47,29.1669,-0.1388899999999999,10,0,763.7,-4.0,-3054.8
2023-04-04 07:23:49,28.61134,-0.2777799999999999,10,0,762.9,3.1,2364.99
2023-04-04 07:23:51,28.61134,0.0,10,0,760.1,29.7,22574.97
2023-04-04 07:23:53,29.44468,0.4166699999999999,10,0,757.0,56.0,42392.0
2023-04-04 07:23:55,30.00024,0.2777799999999999,10,0,756.3,55.8,42201.53999999999
2023-04-04 07:23:57,30.00024,0.0,10,0,755.9,55.9,42254.81
2023-04-04 07:23:59,30.00024,0.0,10,0,756.8,43.6,32996.48
2023-04-04 07:24:01,28.61134,-0.6944499999999998,10,0,760.7,12.3,9356.61
2023-04-04 07:24:03,28.33356,-0.1388899999999999,10,0,757.5,42.8,32421.0
2023-04-04 07:24:05,28.33356,0.0,10,0,757.3,43.4,32866.82
2023-04-04 07:24:07,28.05578,-0.1388899999999999,10,0,756.8,45.1,34131.68
2023-04-04 07:24:09,28.33356,0.1388899999999999,10,0,754.7,61.6,46489.52
2023-04-04 07:24:11,28.61134,0.1388899999999999,10,0,753.8,64.6,48695.48
2023-04-04 07:24:13,29.1669,0.2777799999999999,10,0,753.7,63.0,47483.100000000006
2023-04-04 07:24:15,28.88912,-0.1388899999999999,10,0,756.5,27.6,20879.4
2023-04-04 07:24:17,29.44468,0.2777799999999999,10,0,752.7,68.1,51258.87
2023-04-04 07:24:19,29.72246,0.1388899999999999,10,0,752.5,66.19,49807.975
2023-04-04 07:24:21,29.44468,-0.1388899999999999,10,0,752.0,66.1,49707.2
2023-04-04 07:24:23,29.1669,-0.1388899999999999,10,0,753.1,62.4,46993.44
2023-04-04 07:24:25,29.44468,0.1388899999999999,10,0,754.5,44.8,33801.6
2023-04-04 07:24:27,28.88912,-0.2777799999999999,10,0,757.8,5.7,4319.46
2023-04-04 07:24:29,28.33356,-0.2777799999999999,10,0,756.2,34.3,25937.66
2023-04-04 07:24:31,28.33356,0.0,10,0,756.0,35.2,26611.2
2023-04-04 07:24:33,28.05578,-0.1388899999999999,10,0,756.0,33.0,24948.0
2023-04-04 07:24:35,27.778,-0.1388899999999999,10,0,756.2,33.59,25400.758000000005
2023-04-04 07:24:37,27.778,0.0,10,0,756.1,33.59,25397.399000000005
2023-04-04 07:24:39,27.22244,-0.2777799999999999,10,0,757.5,21.1,15983.250000000002
2023-04-04 07:24:41,27.50022,0.1388899999999999,10,0,753.2,61.1,46020.52
2023-04-04 07:24:43,27.778,0.1388899999999999,10,0,752.8,60.5,45544.4
2023-04-04 07:24:45,28.05578,0.1388899999999999,10,0,762.4,-36.4,-27751.36
2023-04-04 07:24:47,27.50022,-0.2777799999999999,10,0,756.6,26.9,20352.54
2023-04-04 07:24:49,27.22244,-0.1388899999999999,10,0,756.5,27.7,20955.05
2023-04-04 07:24:51,26.389100000000003,-0.4166699999999999,10,0,756.0,37.7,28501.2
2023-04-04 07:24:53,26.666880000000003,0.1388899999999999,10,0,754.8,41.1,31022.28
2023-04-04 07:24:55,26.94466,0.1388899999999999,10,0,753.8,54.5,41082.1
2023-04-04 07:24:57,27.22244,0.1388899999999999,10,0,753.3,54.5,41054.85
2023-04-04 07:24:59,27.778,0.2777799999999999,10,0,752.6,60.0,45156.0
2023-04-04 07:25:01,28.33356,0.2777799999999999,10,0,751.6,66.0,49605.6
2023-04-04 07:25:03,28.33356,0.0,10,0,759.0,-2.7,-2049.3
2023-04-04 07:25:05,28.05578,-0.1388899999999999,10,0,754.2,40.9,30846.78
2023-04-04 07:25:07,28.33356,0.1388899999999999,10,0,754.2,43.9,33109.38
2023-04-04 07:25:09,28.61134,0.1388899999999999,10,0,752.3,51.7,38893.91
2023-04-04 07:25:11,28.33356,-0.1388899999999999,10,0,756.0,25.7,19429.2
2023-04-04 07:25:13,28.33356,0.0,10,0,754.6,34.9,26335.54
2023-04-04 07:25:15,28.05578,-0.1388899999999999,10,0,755.1,31.6,23861.160000000003
2023-04-04 07:25:17,28.05578,0.0,10,0,755.1,33.3,25144.83
2023-04-04 07:25:19,28.05578,0.0,10,0,753.4,43.9,33074.259999999995
2023-04-04 07:25:21,27.50022,-0.2777799999999999,10,0,755.3,26.7,20166.51
2023-04-04 07:25:23,27.22244,-0.1388899999999999,10,0,755.8,25.1,18970.58
2023-04-04 07:25:25,26.94466,-0.1388899999999999,10,0,756.3,23.1,17470.53
2023-04-04 07:25:27,26.94466,0.0,10,0,754.0,43.5,32799.0
2023-04-04 07:25:29,27.22244,0.1388899999999999,10,0,754.1,41.7,31445.970000000005
2023-04-04 07:25:31,26.389100000000003,-0.4166699999999999,10,0,757.2,13.6,10297.92
2023-04-04 07:25:33,26.94466,0.2777799999999999,10,0,751.7,67.19,50506.723
2023-04-04 07:25:35,27.50022,0.2777799999999999,10,0,750.9,67.9,50986.11
2023-04-04 07:25:37,27.22244,-0.1388899999999999,10,0,754.0,27.6,20810.4
2023-04-04 07:25:39,27.22244,0.0,10,0,754.0,38.4,28953.6
2023-04-04 07:25:41,27.22244,0.0,10,0,761.0,-28.7,-21840.7
2023-04-04 07:25:43,27.22244,0.0,10,0,752.1,57.5,43245.75
2023-04-04 07:25:45,27.778,0.2777799999999999,10,0,751.9,55.2,41504.88
2023-04-04 07:25:47,27.778,0.0,10,0,754.0,34.2,25786.800000000003
2023-04-04 07:25:49,28.33356,0.2777799999999999,10,0,749.8,74.4,55785.12
2023-04-04 07:25:51,29.1669,0.4166699999999999,10,0,749.8,71.5,53610.7
2023-04-04 07:25:53,29.1669,0.0,10,0,753.2,36.3,27341.16
2023-04-04 07:25:55,29.1669,0.0,10,0,754.7,26.4,19924.08
2023-04-04 07:25:57,29.1669,0.0,10,0,752.1,34.4,25872.24
2023-04-04 07:25:59,28.88912,-0.1388899999999999,10,0,754.1,37.9,28580.39
2023-04-04 07:26:01,29.1669,0.1388899999999999,10,0,753.3,39.5,29755.35
2023-04-04 07:26:03,29.1669,0.0,10,0,756.3,15.2,11495.759999999998
2023-04-04 07:26:05,30.00024,0.4166699999999999,10,0,750.0,68.8,51600.0
2023-04-04 07:26:07,30.83358,0.4166699999999999,10,0,750.2,63.7,47787.740000000005
2023-04-04 07:26:09,31.111360000000005,0.1388900000000017,10,0,754.0,25.7,19377.8
2023-04-04 07:26:11,30.83358,-0.1388900000000017,10,0,757.0,-4.3,-3255.1
2023-04-04 07:26:13,30.27802,-0.2777799999999999,10,0,761.1,-31.4,-23898.54
2023-04-04 07:26:15,30.00024,-0.1388899999999999,10,0,756.9,13.3,10066.77
2023-04-04 07:26:17,29.44468,-0.2777799999999999,10,0,759.2,-5.6,-4251.52
2023-04-04 07:26:19,28.88912,-0.2777799999999999,10,0,762.3,-30.7,-23402.61
2023-04-04 07:26:21,28.05578,-0.4166699999999999,10,0,762.6,-29.0,-22115.4
2023-04-04 07:26:23,27.778,-0.1388899999999999,10,0,759.2,6.0,4555.200000000001
2023-04-04 07:26:25,28.33356,0.2777799999999999,10,0,756.8,26.1,19752.48
2023-04-04 07:26:27,28.61134,0.1388899999999999,10,0,757.1,20.2,15293.42
2023-04-04 07:26:29,29.1669,0.2777799999999999,10,0,756.7,23.4,17706.78
2023-04-04 07:26:31,29.72246,0.2777799999999999,10,0,756.5,23.9,18080.35
2023-04-04 07:26:33,30.27802,0.2777799999999999,10,0,756.3,25.2,19058.76
2023-04-04 07:26:35,30.5558,0.1388899999999999,10,0,755.7,23.4,17683.38
2023-04-04 07:26:37,31.111360000000005,0.2777800000000017,10,0,756.3,21.8,16487.34
2023-04-04 07:26:39,30.5558,-0.2777800000000017,10,0,762.5,-30.2,-23027.5
2023-04-04 07:26:41,30.27802,-0.1388899999999999,10,0,759.6,0.3,227.88
2023-04-04 07:26:43,30.27802,0.0,10,0,759.7,-0.1,-75.97000000000001
2023-04-04 07:26:45,30.83358,0.2777799999999999,10,0,755.0,43.3,32691.5
2023-04-04 07:26:47,31.944700000000005,0.5555600000000016,10,0,753.5,53.5,40312.25
2023-04-04 07:26:49,32.500260000000004,0.2777799999999999,10,0,755.0,33.3,25141.5
2023-04-04 07:26:51,31.944700000000005,-0.2777799999999999,10,0,762.7,-32.2,-24558.94
2023-04-04 07:26:53,31.111360000000005,-0.4166699999999999,10,0,763.1,-31.8,-24266.58
2023-04-04 07:26:55,30.27802,-0.4166700000000016,10,0,763.8,-34.0,-25969.2
2023-04-04 07:26:57,29.72246,-0.2777799999999999,10,0,763.7,-32.09,-24507.133000000005
2023-04-04 07:26:59,28.61134,-0.5555599999999998,10,0,765.4,-41.6,-31840.64
2023-04-04 07:27:01,27.778,-0.4166699999999999,10,0,764.5,-30.6,-23393.7
2023-04-04 07:27:03,27.22244,-0.2777799999999999,9,0,763.5,-18.5,-14124.75
2023-04-04 07:27:05,26.94466,-0.1388899999999999,9,0,762.2,-8.7,-6631.139999999999
2023-04-04 07:27:07,26.94466,0.0,9,0,762.5,-9.3,-7091.250000000001
2023-04-04 07:27:09,26.666880000000003,-0.1388899999999999,9,0,762.0,-7.9,-6019.8
2023-04-04 07:27:11,26.389100000000003,-0.1388899999999999,9,0,762.5,-6.8,-5185.0
2023-04-04 07:27:13,26.389100000000003,0.0,9,0,761.8,-3.7,-2818.66
2023-04-04 07:27:15,26.666880000000003,0.1388899999999999,9,0,759.8,15.6,11852.88
2023-04-04 07:27:17,27.22244,0.2777799999999999,9,0,758.7,20.6,15629.22
2023-04-04 07:27:19,27.778,0.2777799999999999,9,0,758.9,19.4,14722.659999999998
2023-04-04 07:27:21,30.5558,1.3888999999999996,9,0,744.1,156.6,116526.06
2023-04-04 07:27:23,33.333600000000004,1.3889000000000014,9,0,743.2,143.0,106277.6
2023-04-04 07:27:25,35.55584,1.1111199999999997,9,0,743.6,139.2,103509.12
2023-04-04 07:27:27,36.94474,0.6944499999999998,9,0,742.6,134.7,100028.22
2023-04-04 07:27:29,38.33364,0.6944499999999998,9,0,743.5,117.2,87138.2
2023-04-04 07:27:31,38.05586,-0.1388899999999999,9,0,754.7,9.5,7169.650000000001
2023-04-04 07:27:33,36.66696,-0.6944499999999998,9,0,760.1,-30.6,-23259.06
2023-04-04 07:27:35,35.000280000000004,-0.8333399999999997,9,0,760.3,-30.1,-22885.03
2023-04-04 07:27:37,33.889160000000004,-0.5555599999999998,9,0,759.0,-7.2,-5464.8
2023-04-04 07:27:39,33.889160000000004,0.0,9,0,750.8,65.6,49252.48
2023-04-04 07:27:41,34.166940000000004,0.1388899999999999,9,0,751.1,65.5,49197.05
2023-04-04 07:27:43,34.166940000000004,0.0,9,0,749.0,64.8,48535.2
2023-04-04 07:27:45,33.333600000000004,-0.4166699999999999,9,0,755.1,19.7,14875.47
2023-04-04 07:27:47,33.055820000000004,-0.1388899999999999,9,0,753.6,31.6,23813.76
2023-04-04 07:27:49,32.500260000000004,-0.2777799999999999,9,0,755.9,11.7,8844.029999999999
2023-04-04 07:27:51,31.389140000000005,-0.5555599999999998,9,0,756.5,13.3,10061.45
2023-04-04 07:27:53,30.5558,-0.4166700000000016,9,0,756.8,13.7,10368.159999999998
2023-04-04 07:27:55,30.27802,-0.1388899999999999,9,0,753.4,40.4,30437.36
2023-04-04 07:27:57,30.27802,0.0,9,0,753.4,38.09,28697.006
2023-04-04 07:27:59,30.27802,0.0,9,0,753.1,40.9,30801.79
2023-04-04 07:28:01,30.27802,0.0,9,0,752.9,42.2,31772.38
2023-04-04 07:28:03,30.5558,0.1388899999999999,9,0,754.5,20.0,15090.0
2023-04-04 07:28:05,29.72246,-0.4166699999999999,9,0,752.6,33.7,25362.620000000003
2023-04-04 07:28:07,29.72246,0.0,9,0,753.2,38.2,28772.240000000005
2023-04-04 07:28:09,29.44468,-0.1388899999999999,9,0,756.6,1.3,983.58
2023-04-04 07:28:11,28.61134,-0.4166699999999999,9,0,756.4,9.89,7480.796
2023-04-04 07:28:13,28.61134,0.0,9,0,752.3,45.8,34455.34
2023-04-04 07:28:15,28.88912,0.1388899999999999,9,0,752.6,45.0,33867.0
2023-04-04 07:28:17,29.1669,0.1388899999999999,9,0,752.7,40.9,30785.43
2023-04-04 07:28:19,29.44468,0.1388899999999999,9,0,752.6,36.7,27620.42
2023-04-04 07:28:21,29.1669,-0.1388899999999999,9,0,753.8,30.3,22840.14
2023-04-04 07:28:23,29.1669,0.0,9,0,754.9,17.9,13512.71
2023-04-04 07:28:25,29.1669,0.0,9,0,754.5,23.6,17806.2
2023-04-04 07:28:27,28.88912,-0.1388899999999999,9,0,754.7,26.7,20150.49
2023-04-04 07:28:29,29.44468,0.2777799999999999,9,0,753.5,34.0,25619.0
2023-04-04 07:28:31,29.72246,0.1388899999999999,9,0,753.2,35.0,26362.0
2023-04-04 07:28:33,30.27802,0.2777799999999999,9,0,753.1,35.9,27036.29
2023-04-04 07:28:35,30.83358,0.2777799999999999,9,0,751.1,52.3,39282.53
2023-04-04 07:28:37,31.666920000000005,0.4166700000000016,9,0,750.7,52.0,39036.4
2023-04-04 07:28:39,31.666920000000005,0.0,9,0,751.2,44.0,33052.8
2023-04-04 07:28:41,31.944700000000005,0.1388899999999999,9,0,752.7,33.5,25215.45
2023-04-04 07:28:43,31.111360000000005,-0.4166699999999999,9,0,759.1,-17.1,-12980.61
2023-04-04 07:28:45,30.83358,-0.1388900000000017,9,0,755.5,14.6,11030.3
2023-04-04 07:28:47,30.83358,0.0,9,0,755.0,16.9,12759.499999999998
2023-04-04 07:28:49,30.83358,0.0,9,0,755.1,20.29,15320.979
2023-04-04 07:28:51,30.83358,0.0,9,0,759.8,-19.1,-14512.18
2023-04-04 07:28:53,30.27802,-0.2777799999999999,9,0,760.9,-33.7,-25642.33
2023-04-04 07:28:55,30.27802,0.0,9,0,754.0,31.2,23524.8
2023-04-04 07:28:57,30.5558,0.1388899999999999,9,0,754.0,30.8,23223.2
2023-04-04 07:28:59,30.83358,0.1388899999999999,9,0,753.8,30.9,23292.42
2023-04-04 07:29:01,31.111360000000005,0.1388900000000017,9,0,753.6,29.4,22155.84
2023-04-04 07:29:03,31.389140000000005,0.1388899999999999,9,0,752.5,41.6,31304.0
2023-04-04 07:29:05,31.944700000000005,0.2777799999999999,9,0,751.5,49.5,37199.25
2023-04-04 07:29:07,32.500260000000004,0.2777799999999999,9,0,751.8,42.1,31650.78
2023-04-04 07:29:09,32.500260000000004,0.0,10,0,753.7,28.4,21405.08
2023-04-04 07:29:11,32.778040000000004,0.1388899999999999,10,0,753.1,28.7,21613.97
2023-04-04 07:29:13,32.778040000000004,0.0,10,0,753.4,28.5,21471.9
2023-04-04 07:29:15,32.222480000000004,-0.2777799999999999,10,0,757.1,-0.5,-378.55
2023-04-04 07:29:17,31.944700000000005,-0.1388899999999999,10,0,756.5,3.6,2723.4
2023-04-04 07:29:19,31.111360000000005,-0.4166699999999999,10,0,760.4,-32.8,-24941.119999999995
2023-04-04 07:29:21,30.27802,-0.4166700000000016,10,0,759.8,-19.1,-14512.18
2023-04-04 07:29:23,29.44468,-0.4166699999999999,10,0,760.2,-23.3,-17712.66
2023-04-04 07:29:25,28.61134,-0.4166699999999999,10,0,758.7,-4.9,-3717.630000000001
2023-04-04 07:29:27,28.33356,-0.1388899999999999,10,0,758.8,-4.3,-3262.84
2023-04-04 07:29:29,28.33356,0.0,10,0,757.1,10.8,8176.680000000001
2023-04-04 07:29:31,28.33356,0.0,10,0,757.2,7.7,5830.4400000000005
2023-04-04 07:29:33,28.05578,-0.1388899999999999,10,0,757.7,2.7,2045.79
2023-04-04 07:29:35,28.05578,0.0,10,0,757.6,7.9,5985.040000000001
2023-04-04 07:29:37,28.05578,0.0,10,0,757.2,8.89,6731.508000000001
2023-04-04 07:29:39,28.05578,0.0,10,0,757.0,11.0,8327.0
2023-04-04 07:29:41,28.33356,0.1388899999999999,10,0,756.8,13.0,9838.4
2023-04-04 07:29:43,28.33356,0.0,10,0,756.7,12.8,9685.76
2023-04-04 07:29:45,28.33356,0.0,10,0,758.8,-6.0,-4552.799999999999
2023-04-04 07:29:47,28.33356,0.0,10,0,755.4,26.2,19791.48
2023-04-04 07:29:49,28.61134,0.1388899999999999,10,0,756.7,11.5,8702.050000000001
2023-04-04 07:29:51,27.778,-0.4166699999999999,10,0,761.6,-30.4,-23152.64
2023-04-04 07:29:53,26.94466,-0.4166699999999999,10,0,762.1,-29.7,-22634.37
2023-04-04 07:29:55,26.111320000000003,-0.4166699999999999,10,0,762.4,-28.7,-21880.88
2023-04-04 07:29:57,25.277980000000003,-0.4166699999999999,10,0,762.4,-29.0,-22109.6
2023-04-04 07:29:59,25.000200000000003,-0.1388899999999999,9,0,757.7,19.1,14472.070000000002
2023-04-04 07:30:01,25.555760000000003,0.2777799999999999,9,0,756.8,23.6,17860.48
2023-04-04 07:30:03,25.277980000000003,-0.1388899999999999,9,0,762.0,-27.8,-21183.6
2023-04-04 07:30:05,25.555760000000003,0.1388899999999999,9,0,757.5,15.9,12044.25
2023-04-04 07:30:07,25.555760000000003,0.0,9,0,758.5,10.9,8267.65
2023-04-04 07:30:09,25.555760000000003,0.0,9,0,759.9,-6.6,-5015.339999999999
2023-04-04 07:30:11,26.94466,0.6944499999999998,9,0,750.1,82.9,62183.29000000001
2023-04-04 07:30:13,28.61134,0.8333399999999997,9,0,750.1,74.3,55732.43
2023-04-04 07:30:15,29.72246,0.5555599999999998,9,0,751.2,59.7,44846.64000000001
2023-04-04 07:30:17,30.5558,0.4166699999999999,9,0,750.4,65.5,49151.2
2023-04-04 07:30:19,31.666920000000005,0.5555600000000016,9,0,750.4,59.1,44348.64
2023-04-04 07:30:21,32.778040000000004,0.5555599999999998,9,0,749.2,68.1,51020.52
2023-04-04 07:30:23,33.611380000000004,0.4166699999999999,9,0,749.2,61.5,46075.8
2023-04-04 07:30:25,34.444720000000004,0.4166699999999999,9,0,749.4,57.8,43315.32
2023-04-04 07:30:27,34.444720000000004,0.0,9,0,758.4,-16.9,-12816.96
2023-04-04 07:30:29,34.722500000000004,0.1388899999999999,9,0,754.0,22.2,16738.8
2023-04-04 07:30:31,34.166940000000004,-0.2777799999999999,9,0,754.4,21.7,16370.48
2023-04-04 07:30:33,34.444720000000004,0.1388899999999999,9,0,752.1,35.0,26323.5
2023-04-04 07:30:35,34.444720000000004,0.0,9,0,754.5,17.5,13203.75
2023-04-04 07:30:37,33.889160000000004,-0.2777799999999999,9,0,760.4,-33.5,-25473.4
2023-04-04 07:30:39,33.611380000000004,-0.1388899999999999,9,0,755.5,16.6,12541.3
2023-04-04 07:30:41,33.889160000000004,0.1388899999999999,9,0,753.7,34.09,25693.633000000005
2023-04-04 07:30:43,34.166940000000004,0.1388899999999999,9,0,753.2,31.5,23725.800000000003
2023-04-04 07:30:45,33.611380000000004,-0.2777799999999999,9,0,758.6,-11.6,-8799.76
2023-04-04 07:30:47,33.333600000000004,-0.1388899999999999,9,0,756.7,5.3,4010.51
2023-04-04 07:30:49,32.222480000000004,-0.5555599999999998,9,0,761.4,-37.2,-28324.08
2023-04-04 07:30:51,31.389140000000005,-0.4166699999999999,9,0,758.8,-7.3,-5539.24
2023-04-04 07:30:53,30.83358,-0.2777800000000017,9,0,757.0,7.8,5904.599999999999
2023-04-04 07:30:55,30.83358,0.0,9,0,754.5,25.5,19239.75
2023-04-04 07:30:57,29.44468,-0.6944499999999998,10,0,760.9,-32.0,-24348.8
2023-04-04 07:30:59,28.05578,-0.6944499999999998,10,0,761.5,-31.0,-23606.5
2023-04-04 07:31:01,27.778,-0.1388899999999999,10,0,753.9,41.5,31286.85
2023-04-04 07:31:03,27.50022,-0.1388899999999999,10,0,757.5,3.0,2272.5
2023-04-04 07:31:05,26.111320000000003,-0.6944499999999998,10,0,761.3,-29.1,-22153.83
2023-04-04 07:31:07,24.722420000000003,-0.6944499999999998,10,0,761.5,-27.6,-21017.4
2023-04-04 07:31:09,23.611300000000004,-0.5555599999999998,10,0,761.8,-26.8,-20416.24
2023-04-04 07:31:11,23.611300000000004,0.0,10,0,756.4,25.0,18910.0
2023-04-04 07:31:13,23.611300000000004,0.0,10,0,756.8,15.9,12033.12
2023-04-04 07:31:15,23.333520000000004,-0.1388899999999999,10,0,758.9,-5.4,-4098.06
2023-04-04 07:31:17,21.94462,-0.6944500000000016,10,0,761.1,-23.7,-18038.07
2023-04-04 07:31:19,20.8335,-0.5555599999999998,10,0,761.4,-22.9,-17436.059999999998
2023-04-04 07:31:21,20.00016,-0.4166699999999999,10,0,761.6,-20.0,-15232.0
2023-04-04 07:31:23,19.72238,-0.1388899999999999,10,0,758.4,7.1,5384.639999999999
2023-04-04 07:31:25,19.16682,-0.2777799999999999,10,0,759.1,1.1,835.0100000000001
2023-04-04 07:31:27,19.16682,0.0,10,0,757.9,13.4,10155.86
2023-04-04 07:31:29,18.88904,-0.1388899999999999,10,0,759.5,-3.1,-2354.4500000000003
2023-04-04 07:31:31,18.0557,-0.4166699999999999,10,0,761.5,-19.5,-14849.25
2023-04-04 07:31:33,17.500140000000002,-0.2777799999999999,10,0,760.4,-7.7,-5855.08
2023-04-04 07:31:35,16.944580000000002,-0.2777799999999999,10,0,761.4,-17.7,-13476.78
2023-04-04 07:31:37,16.944580000000002,0.0,10,0,758.6,10.2,7737.719999999999
2023-04-04 07:31:39,17.77792,0.4166699999999999,10,0,757.1,22.3,16883.33
2023-04-04 07:31:41,18.88904,0.5555599999999998,10,0,756.0,28.0,21168.0
2023-04-04 07:31:43,19.72238,0.4166699999999999,10,0,755.9,26.4,19955.76
2023-04-04 07:31:45,18.88904,-0.4166699999999999,10,0,761.0,-20.8,-15828.8
2023-04-04 07:31:47,18.61126,-0.1388899999999999,10,0,757.5,15.1,11438.25
2023-04-04 07:31:49,19.16682,0.2777799999999999,10,0,756.5,23.7,17929.05
2023-04-04 07:31:51,19.72238,0.2777799999999999,10,0,755.1,33.7,25446.870000000003
2023-04-04 07:31:53,20.00016,0.1388899999999999,10,0,760.1,-10.2,-7753.019999999999
2023-04-04 07:31:55,20.27794,0.1388899999999999,10,0,756.1,20.5,15500.05
2023-04-04 07:31:57,20.27794,0.0,10,0,757.5,8.2,6211.499999999999
2023-04-04 07:31:59,19.72238,-0.2777799999999999,10,0,757.9,8.2,6214.779999999999
2023-04-04 07:32:01,19.72238,0.0,10,0,757.7,6.4,4849.280000000001
2023-04-04 07:32:03,19.4446,-0.1388899999999999,10,0,758.3,1.6,1213.28
2023-04-04 07:32:05,18.88904,-0.2777799999999999,10,0,760.8,-22.7,-17270.16
2023-04-04 07:32:07,17.77792,-0.5555599999999998,10,0,760.9,-19.29,-14677.761
2023-04-04 07:32:09,16.944580000000002,-0.4166699999999999,10,0,761.0,-17.7,-13469.7
2023-04-04 07:32:11,15.833460000000002,-0.5555599999999998,10,0,761.0,-16.1,-12252.1
2023-04-04 07:32:13,15.00012,-0.4166700000000007,10,0,759.1,3.4,2580.94
2023-04-04 07:32:15,14.44456,-0.2777799999999999,10,0,760.9,-15.1,-11489.59
2023-04-04 07:32:17,15.2779,0.4166699999999999,10,0,754.5,44.6,33650.700000000004
2023-04-04 07:32:19,16.666800000000002,0.6944500000000007,10,0,753.6,48.3,36398.88
2023-04-04 07:32:21,18.33348,0.8333399999999997,10,0,753.3,47.8,36007.74
2023-04-04 07:32:23,18.61126,0.1388899999999999,10,0,756.5,14.7,11120.55
2023-04-04 07:32:25,19.16682,0.2777799999999999,10,0,755.5,25.8,19491.9
2023-04-04 07:32:27,19.16682,0.0,10,0,757.6,-1.5,-1136.4
2023-04-04 07:32:29,19.4446,0.1388899999999999,10,0,756.5,15.0,11347.5
2023-04-04 07:32:31,20.00016,0.2777799999999999,10,0,754.8,28.5,21511.8
2023-04-04 07:32:33,19.72238,-0.1388899999999999,10,0,756.6,12.3,9306.18
2023-04-04 07:32:35,19.16682,-0.2777799999999999,10,0,758.0,2.0,1516.0
2023-04-04 07:32:37,19.4446,0.1388899999999999,10,0,756.2,18.7,14140.94
2023-04-04 07:32:39,19.72238,0.1388899999999999,10,0,756.0,20.2,15271.2
2023-04-04 07:32:41,19.72238,0.0,10,0,755.9,17.1,12925.89
2023-04-04 07:32:43,18.61126,-0.5555599999999998,10,0,760.4,-23.0,-17489.2
2023-04-04 07:32:45,17.77792,-0.4166699999999999,10,0,757.0,10.3,7797.1
2023-04-04 07:32:47,17.222360000000002,-0.2777799999999999,10,0,757.8,2.9,2197.62
2023-04-04 07:32:49,17.222360000000002,0.0,10,0,757.8,1.7,1288.26
2023-04-04 07:32:51,16.944580000000002,-0.1388899999999999,10,0,760.2,-18.2,-13835.64
2023-04-04 07:32:53,16.389020000000002,-0.2777799999999999,10,0,760.4,-17.2,-13078.88
2023-04-04 07:32:55,15.2779,-0.5555600000000007,10,0,763.1,-39.9,-30447.69
2023-04-04 07:32:57,14.44456,-0.4166699999999999,10,0,760.7,-14.6,-11106.22
2023-04-04 07:32:59,15.2779,0.4166699999999999,10,0,757.7,11.4,8637.78
2023-04-04 07:33:01,15.2779,0.0,10,0,759.5,-6.2,-4708.900000000001
2023-04-04 07:33:03,15.555680000000002,0.1388900000000008,10,0,757.8,11.1,8411.58
2023-04-04 07:33:05,16.944580000000002,0.6944499999999998,10,0,752.8,53.6,40350.08
2023-04-04 07:33:07,18.88904,0.9722299999999996,10,0,750.3,72.4,54321.72
2023-04-04 07:33:09,18.61126,-0.1388899999999999,10,0,759.2,-14.2,-10780.64
2023-04-04 07:33:11,18.0557,-0.2777799999999999,10,0,757.9,2.0,1515.8
2023-04-04 07:33:13,17.77792,-0.1388899999999999,9,0,756.4,17.5,13237.0
2023-04-04 07:33:15,17.77792,0.0,9,0,756.4,15.1,11421.64
2023-04-04 07:33:17,17.77792,0.0,9,0,756.5,13.8,10439.7
2023-04-04 07:33:19,17.500140000000002,-0.1388899999999999,9,0,755.6,21.1,15943.160000000002
2023-04-04 07:33:21,17.500140000000002,0.0,10,0,755.4,21.5,16241.1
2023-04-04 07:33:23,17.222360000000002,-0.1388899999999999,10,0,756.1,15.5,11719.55
2023-04-04 07:33:25,17.222360000000002,0.0,10,0,755.4,21.5,16241.1
2023-04-04 07:33:27,17.222360000000002,0.0,10,0,755.3,21.2,16012.36
2023-04-04 07:33:29,16.666800000000002,-0.2777799999999999,10,0,759.5,-17.7,-13443.15
2023-04-04 07:33:31,16.111240000000002,-0.2777799999999999,10,0,758.4,-3.4,-2578.56
2023-04-04 07:33:33,15.555680000000002,-0.2777799999999999,10,0,758.2,-0.8,-606.5600000000001
2023-04-04 07:33:35,14.16678,-0.6944500000000007,10,0,761.9,-35.8,-27276.02
2023-04-04 07:33:37,12.500100000000002,-0.8333399999999997,10,0,761.1,-23.6,-17961.960000000003
2023-04-04 07:33:39,9.44452,-1.5277900000000004,10,0,762.4,-31.2,-23786.88
2023-04-04 07:33:41,8.333400000000001,-0.5555599999999998,10,0,759.7,-6.5,-4938.05
2023-04-04 07:33:43,8.055620000000001,-0.1388899999999999,10,0,759.0,1.5,1138.5
2023-04-04 07:33:45,8.611180000000001,0.2777799999999999,10,0,759.6,-7.1,-5393.16
2023-04-04 07:33:47,8.611180000000001,0.0,10,0,757.4,13.2,9997.679999999998
2023-04-04 07:33:49,8.88896,0.1388899999999999,10,0,759.7,-6.5,-4938.05
2023-04-04 07:33:51,7.777840000000001,-0.5555599999999998,10,0,761.0,-19.4,-14763.4
2023-04-04 07:33:53,5.833380000000001,-0.97223,10,0,761.5,-20.2,-15382.3
2023-04-04 07:33:55,5.833380000000001,0.0,10,0,759.4,-1.5,-1139.1
2023-04-04 07:33:57,5.5556,-0.1388900000000004,10,0,760.2,-9.0,-6841.8
2023-04-04 07:33:59,5.27782,-0.1388899999999999,10,0,759.3,-0.8,-607.4399999999999
2023-04-04 07:34:01,6.944500000000001,0.8333400000000002,10,0,756.8,20.6,15590.08
2023-04-04 07:34:03,9.16674,1.11112,10,0,755.4,31.9,24097.26
2023-04-04 07:34:05,10.27786,0.5555599999999998,10,0,755.4,30.4,22964.16
2023-04-04 07:34:07,11.944540000000002,0.8333400000000006,10,0,753.6,42.5,32028.0
2023-04-04 07:34:09,12.77788,0.4166699999999999,10,0,754.1,35.3,26619.73
2023-04-04 07:34:11,13.33344,0.2777799999999999,10,0,753.1,44.5,33512.950000000004
2023-04-04 07:34:13,13.889,0.2777799999999999,10,0,753.2,38.09,28689.388000000003
2023-04-04 07:34:15,13.889,0.0,10,0,754.5,25.3,19088.85
2023-04-04 07:34:17,12.77788,-0.5555599999999998,10,0,756.4,9.89,7480.796
2023-04-04 07:34:19,10.27786,-1.2500100000000005,10,0,762.3,-42.7,-32550.21
2023-04-04 07:34:21,10.00008,-0.1388899999999999,10,0,755.6,27.0,20401.2
2023-04-04 07:34:23,11.944540000000002,0.9722300000000006,10,0,752.8,43.6,32822.08
2023-04-04 07:34:25,14.16678,1.1111199999999997,10,0,749.3,74.3,55672.99
2023-04-04 07:34:27,13.33344,-0.4166699999999999,10,0,758.4,-14.1,-10693.44
2023-04-04 07:34:29,13.889,0.2777799999999999,10,0,752.2,44.9,33773.78
2023-04-04 07:34:31,14.44456,0.2777799999999999,10,0,752.7,37.09,27917.643000000004
2023-04-04 07:34:33,14.72234,0.1388899999999999,10,0,751.9,43.8,32933.219999999994
2023-04-04 07:34:35,14.72234,0.0,9,0,754.3,18.7,14105.409999999998
2023-04-04 07:34:37,13.889,-0.4166699999999999,9,0,755.9,4.4,3325.96
2023-04-04 07:34:39,13.05566,-0.4166699999999999,9,0,754.5,19.9,15014.55
2023-04-04 07:34:41,12.500100000000002,-0.2777799999999999,9,0,755.9,5.1,3855.09
2023-04-04 07:34:43,11.1112,-0.6944500000000007,9,0,758.1,-13.5,-10234.35
2023-04-04 07:34:45,8.611180000000001,-1.2500099999999996,9,0,758.5,-14.2,-10770.7
2023-04-04 07:34:47,7.777840000000001,-0.4166699999999999,9,0,754.0,31.2,23524.8
2023-04-04 07:34:49,8.88896,0.5555599999999998,9,0,752.8,39.3,29585.04
2023-04-04 07:34:51,9.44452,0.2777799999999999,9,0,753.0,31.6,23794.8
2023-04-04 07:34:53,8.333400000000001,-0.5555599999999998,9,0,756.1,8.2,6200.02
2023-04-04 07:34:55,7.777840000000001,-0.2777799999999999,9,0,756.0,7.9,5972.400000000001
2023-04-04 07:34:57,7.50006,-0.1388900000000004,9,0,756.0,8.89,6720.84
2023-04-04 07:34:59,7.22228,-0.1388899999999999,9,0,757.6,-5.4,-4091.04
2023-04-04 07:35:01,6.388940000000001,-0.4166699999999999,9,0,757.6,-4.3,-3257.68
2023-04-04 07:35:03,5.833380000000001,-0.2777799999999999,9,0,756.3,8.8,6655.4400000000005
2023-04-04 07:35:05,6.388940000000001,0.2777799999999999,9,0,756.9,2.09,1581.9209999999998
2023-04-04 07:35:07,6.388940000000001,0.0,9,0,757.0,2.09,1582.13
2023-04-04 07:35:09,6.666720000000001,0.1388899999999999,9,0,757.4,-1.6,-1211.84
2023-04-04 07:35:11,5.833380000000001,-0.4166699999999999,9,0,757.7,-2.3,-1742.71
2023-04-04 07:35:13,5.27782,-0.2777800000000003,9,0,757.6,-1.1,-833.3600000000001
2023-04-04 07:35:15,4.44448,-0.4166699999999999,9,0,757.6,0.0,0.0
2023-04-04 07:35:17,4.1667000000000005,-0.1388899999999999,9,0,757.6,0.4,303.04
2023-04-04 07:35:19,3.61114,-0.2777800000000001,9,0,757.6,1.2,909.12
2023-04-04 07:35:21,3.3333600000000003,-0.1388899999999999,9,0,757.6,0.8,606.08
2023-04-04 07:35:23,3.0555800000000004,-0.1388899999999999,9,0,757.6,1.5,1136.4
2023-04-04 07:35:25,2.7778,-0.1388900000000001,9,0,757.6,1.6,1212.16
2023-04-04 07:35:27,3.0555800000000004,0.1388900000000001,9,0,757.2,5.1,3861.72
2023-04-04 07:35:29,3.61114,0.2777799999999999,9,0,757.3,3.3,2499.09
2023-04-04 07:35:31,3.3333600000000003,-0.1388899999999999,9,0,757.7,1.1,833.4700000000001
2023-04-04 07:35:33,1.9444600000000003,-0.69445,9,0,757.7,1.4,1060.78
2023-04-04 07:35:35,0.0,-0.97223,9,0,757.6,1.6,1212.16
2023-04-04 07:35:37,0.8333400000000001,0.41667,9,0,757.5,2.9,2196.75
2023-04-04 07:35:39,0.8333400000000001,0.0,9,0,757.6,2.2,1666.7200000000005
2023-04-04 07:35:41,0.8333400000000001,0.0,9,0,757.6,2.4,1818.24
2023-04-04 07:35:43,0.55556,-0.13889,9,0,757.6,2.2,1666.7200000000005
2023-04-04 07:35:45,0.0,-0.27778,9,0,757.7,2.2,1666.9400000000005
2023-04-04 07:35:47,0.0,0.0,9,0,757.7,2.09,1583.593
2023-04-04 07:35:49,0.0,0.0,9,0,757.7,1.8,1363.86
2023-04-04 07:35:51,0.0,0.0,9,0,757.8,1.7,1288.26
2023-04-04 07:35:53,0.0,0.0,9,0,757.8,1.6,1212.48
2023-04-04 07:35:55,0.0,0.0,9,0,757.8,1.9,1439.82
2023-04-04 07:35:57,0.0,0.0,9,0,757.8,1.5,1136.6999999999998
2023-04-04 07:35:59,0.0,0.0,9,0,757.9,1.5,1136.85
